CALL ID,AGENT,DATE,DAY_OF_THE_WEEK,TIME,TOPIC,ANSWERED (Y/N),RESOLVED,SPEED OF ANSWER IN SECONDS,AVGTALKDURATION,SATISFACTION RATING
ID0006,Stewart,2021-01-01,Friday,1900-01-01 10:00:29,Technical Support,N,N,,0 days,
ID0011,Joe,2021-01-01,Friday,1900-01-01 11:15:22,Payment related,N,N,,0 days,
ID0018,Becky,2021-01-01,Friday,1900-01-01 11:57:07,Admin Support,N,N,,0 days,
ID0019,Jim,2021-01-01,Friday,1900-01-01 12:01:26,Streaming,N,N,,0 days,
ID0023,Martha,2021-01-01,Friday,1900-01-01 12:02:53,Technical Support,N,N,,0 days,
ID0026,Dan,2021-01-01,Friday,1900-01-01 12:30:14,Payment related,N,N,,0 days,
ID0036,Diane,2021-01-01,Friday,1900-01-01 13:42:14,Streaming,N,N,,0 days,
ID0046,Jim,2021-01-01,Friday,1900-01-01 15:44:38,Contract related,N,N,,0 days,
ID0048,Martha,2021-01-01,Friday,1900-01-01 17:13:55,Contract related,N,N,,0 days,
ID0050,Dan,2021-01-01,Friday,1900-01-01 17:25:26,Technical Support,N,N,,0 days,
ID0051,Martha,2021-01-01,Friday,1900-01-01 17:35:31,Contract related,N,N,,0 days,
ID0052,Jim,2021-01-01,Friday,1900-01-01 17:35:31,Admin Support,N,N,,0 days,
ID0062,Joe,2021-01-02,Saturday,1900-01-01 09:18:43,Technical Support,N,N,,0 days,
ID0070,Diane,2021-01-02,Saturday,1900-01-01 10:33:36,Admin Support,N,N,,0 days,
ID0076,Diane,2021-01-02,Saturday,1900-01-01 11:42:43,Admin Support,N,N,,0 days,
ID0087,Jim,2021-01-02,Saturday,1900-01-01 12:44:38,Payment related,N,N,,0 days,
ID0090,Dan,2021-01-02,Saturday,1900-01-01 12:59:02,Streaming,N,N,,0 days,
ID0098,Martha,2021-01-02,Saturday,1900-01-01 13:20:38,Streaming,N,N,,0 days,
ID0101,Becky,2021-01-02,Saturday,1900-01-01 13:45:07,Technical Support,N,N,,0 days,
ID0107,Joe,2021-01-02,Saturday,1900-01-01 14:22:34,Streaming,N,N,,0 days,
ID0109,Stewart,2021-01-02,Saturday,1900-01-01 14:52:48,Admin Support,N,N,,0 days,
ID0114,Stewart,2021-01-02,Saturday,1900-01-01 15:36:00,Technical Support,N,N,,0 days,
ID0116,Greg,2021-01-02,Saturday,1900-01-01 17:36:58,Payment related,N,N,,0 days,
ID0117,Diane,2021-01-02,Saturday,1900-01-01 17:47:02,Streaming,N,N,,0 days,
ID0120,Dan,2021-01-03,Sunday,1900-01-01 09:10:05,Contract related,N,N,,0 days,
ID0125,Martha,2021-01-03,Sunday,1900-01-01 10:37:55,Technical Support,N,N,,0 days,
ID0134,Jim,2021-01-03,Sunday,1900-01-01 11:02:24,Technical Support,N,N,,0 days,
ID0138,Martha,2021-01-03,Sunday,1900-01-01 11:06:43,Contract related,N,N,,0 days,
ID0146,Joe,2021-01-03,Sunday,1900-01-01 11:52:48,Contract related,N,N,,0 days,
ID0152,Stewart,2021-01-03,Sunday,1900-01-01 12:33:07,Contract related,N,N,,0 days,
ID0157,Jim,2021-01-03,Sunday,1900-01-01 13:14:53,Technical Support,N,N,,0 days,
ID0165,Joe,2021-01-03,Sunday,1900-01-01 13:58:05,Streaming,N,N,,0 days,
ID0166,Stewart,2021-01-03,Sunday,1900-01-01 13:58:05,Payment related,N,N,,0 days,
ID0172,Dan,2021-01-03,Sunday,1900-01-01 15:34:34,Contract related,N,N,,0 days,
ID0173,Diane,2021-01-03,Sunday,1900-01-01 16:29:17,Technical Support,N,N,,0 days,
ID0177,Martha,2021-01-04,Monday,1900-01-01 09:01:26,Contract related,N,N,,0 days,
ID0180,Joe,2021-01-04,Monday,1900-01-01 09:31:41,Streaming,N,N,,0 days,
ID0182,Greg,2021-01-04,Monday,1900-01-01 09:43:12,Streaming,N,N,,0 days,
ID0186,Diane,2021-01-04,Monday,1900-01-01 10:27:50,Technical Support,N,N,,0 days,
ID0192,Martha,2021-01-04,Monday,1900-01-01 11:18:14,Technical Support,N,N,,0 days,
ID0194,Joe,2021-01-04,Monday,1900-01-01 11:22:34,Streaming,N,N,,0 days,
ID0199,Jim,2021-01-04,Monday,1900-01-01 12:15:50,Streaming,N,N,,0 days,
ID0211,Jim,2021-01-04,Monday,1900-01-01 14:28:19,Technical Support,N,N,,0 days,
ID0216,Becky,2021-01-04,Monday,1900-01-01 14:49:55,Technical Support,N,N,,0 days,
ID0222,Jim,2021-01-04,Monday,1900-01-01 16:48:00,Streaming,N,N,,0 days,
ID0236,Stewart,2021-01-05,Tuesday,1900-01-01 09:33:07,Streaming,N,N,,0 days,
ID0241,Joe,2021-01-05,Tuesday,1900-01-01 11:31:12,Streaming,N,N,,0 days,
ID0246,Dan,2021-01-05,Tuesday,1900-01-01 11:49:55,Streaming,N,N,,0 days,
ID0277,Stewart,2021-01-05,Tuesday,1900-01-01 17:25:26,Technical Support,N,N,,0 days,
ID0278,Greg,2021-01-05,Tuesday,1900-01-01 17:25:26,Payment related,N,N,,0 days,
ID0279,Joe,2021-01-05,Tuesday,1900-01-01 17:29:46,Technical Support,N,N,,0 days,
ID0284,Martha,2021-01-05,Tuesday,1900-01-01 17:44:10,Technical Support,N,N,,0 days,
ID0287,Greg,2021-01-06,Wednesday,1900-01-01 09:08:38,Technical Support,N,N,,0 days,
ID0291,Joe,2021-01-06,Wednesday,1900-01-01 10:07:41,Payment related,N,N,,0 days,
ID0298,Becky,2021-01-06,Wednesday,1900-01-01 11:12:29,Streaming,N,N,,0 days,
ID0301,Dan,2021-01-06,Wednesday,1900-01-01 11:38:24,Payment related,N,N,,0 days,
ID0304,Greg,2021-01-06,Wednesday,1900-01-01 11:45:36,Technical Support,N,N,,0 days,
ID0310,Diane,2021-01-06,Wednesday,1900-01-01 13:30:43,Admin Support,N,N,,0 days,
ID0312,Martha,2021-01-06,Wednesday,1900-01-01 13:58:05,Streaming,N,N,,0 days,
ID0322,Greg,2021-01-06,Wednesday,1900-01-01 15:02:53,Admin Support,N,N,,0 days,
ID0330,Dan,2021-01-06,Wednesday,1900-01-01 16:27:50,Contract related,N,N,,0 days,
ID0331,Martha,2021-01-06,Wednesday,1900-01-01 16:35:02,Payment related,N,N,,0 days,
ID0332,Jim,2021-01-06,Wednesday,1900-01-01 16:35:02,Streaming,N,N,,0 days,
ID0339,Becky,2021-01-06,Wednesday,1900-01-01 17:21:07,Contract related,N,N,,0 days,
ID0348,Diane,2021-01-07,Thursday,1900-01-01 09:07:12,Technical Support,N,N,,0 days,
ID0356,Stewart,2021-01-07,Thursday,1900-01-01 10:33:36,Contract related,N,N,,0 days,
ID0357,Becky,2021-01-07,Thursday,1900-01-01 10:48:00,Streaming,N,N,,0 days,
ID0365,Jim,2021-01-07,Thursday,1900-01-01 12:08:38,Payment related,N,N,,0 days,
ID0367,Dan,2021-01-07,Thursday,1900-01-01 12:36:00,Streaming,N,N,,0 days,
ID0373,Becky,2021-01-07,Thursday,1900-01-01 13:30:43,Streaming,N,N,,0 days,
ID0375,Greg,2021-01-07,Thursday,1900-01-01 13:42:14,Contract related,N,N,,0 days,
ID0382,Dan,2021-01-07,Thursday,1900-01-01 15:53:17,Payment related,N,N,,0 days,
ID0383,Diane,2021-01-07,Thursday,1900-01-01 16:07:41,Admin Support,N,N,,0 days,
ID0394,Diane,2021-01-07,Thursday,1900-01-01 17:47:02,Technical Support,N,N,,0 days,
ID0404,Stewart,2021-01-08,Friday,1900-01-01 09:47:31,Payment related,N,N,,0 days,
ID0405,Jim,2021-01-08,Friday,1900-01-01 09:59:02,Technical Support,N,N,,0 days,
ID0406,Martha,2021-01-08,Friday,1900-01-01 09:59:02,Streaming,N,N,,0 days,
ID0408,Dan,2021-01-08,Friday,1900-01-01 10:42:14,Payment related,N,N,,0 days,
ID0417,Dan,2021-01-08,Friday,1900-01-01 11:16:48,Contract related,N,N,,0 days,
ID0425,Stewart,2021-01-08,Friday,1900-01-01 12:48:58,Contract related,N,N,,0 days,
ID0427,Diane,2021-01-08,Friday,1900-01-01 13:10:34,Payment related,N,N,,0 days,
ID0429,Joe,2021-01-08,Friday,1900-01-01 13:10:34,Technical Support,N,N,,0 days,
ID0432,Becky,2021-01-08,Friday,1900-01-01 13:17:46,Payment related,N,N,,0 days,
ID0436,Diane,2021-01-08,Friday,1900-01-01 15:37:26,Admin Support,N,N,,0 days,
ID0456,Martha,2021-01-09,Saturday,1900-01-01 10:29:17,Admin Support,N,N,,0 days,
ID0468,Dan,2021-01-09,Saturday,1900-01-01 11:25:26,Payment related,N,N,,0 days,
ID0471,Joe,2021-01-09,Saturday,1900-01-01 11:48:29,Payment related,N,N,,0 days,
ID0472,Dan,2021-01-09,Saturday,1900-01-01 11:48:29,Admin Support,N,N,,0 days,
ID0481,Joe,2021-01-09,Saturday,1900-01-01 12:40:19,Payment related,N,N,,0 days,
ID0484,Jim,2021-01-09,Saturday,1900-01-01 12:50:24,Technical Support,N,N,,0 days,
ID0487,Becky,2021-01-09,Saturday,1900-01-01 13:39:22,Streaming,N,N,,0 days,
ID0497,Joe,2021-01-09,Saturday,1900-01-01 15:43:12,Technical Support,N,N,,0 days,
ID0499,Stewart,2021-01-09,Saturday,1900-01-01 16:58:05,Streaming,N,N,,0 days,
ID0500,Martha,2021-01-09,Saturday,1900-01-01 16:58:05,Contract related,N,N,,0 days,
ID0504,Jim,2021-01-09,Saturday,1900-01-01 17:21:07,Admin Support,N,N,,0 days,
ID0509,Greg,2021-01-09,Saturday,1900-01-01 17:28:19,Technical Support,N,N,,0 days,
ID0510,Dan,2021-01-09,Saturday,1900-01-01 17:28:19,Technical Support,N,N,,0 days,
ID0531,Becky,2021-01-10,Sunday,1900-01-01 11:47:02,Admin Support,N,N,,0 days,
ID0534,Stewart,2021-01-10,Sunday,1900-01-01 12:27:22,Streaming,N,N,,0 days,
ID0545,Joe,2021-01-10,Sunday,1900-01-01 14:09:36,Payment related,N,N,,0 days,
ID0563,Diane,2021-01-10,Sunday,1900-01-01 16:42:14,Contract related,N,N,,0 days,
ID0568,Stewart,2021-01-10,Sunday,1900-01-01 17:24:00,Technical Support,N,N,,0 days,
ID0582,Stewart,2021-01-11,Monday,1900-01-01 09:37:26,Admin Support,N,N,,0 days,
ID0585,Diane,2021-01-11,Monday,1900-01-01 09:38:53,Payment related,N,N,,0 days,
ID0587,Dan,2021-01-11,Monday,1900-01-01 09:48:58,Streaming,N,N,,0 days,
ID0599,Martha,2021-01-11,Monday,1900-01-01 11:05:17,Admin Support,N,N,,0 days,
ID0603,Stewart,2021-01-11,Monday,1900-01-01 11:29:46,Admin Support,N,N,,0 days,
ID0606,Stewart,2021-01-11,Monday,1900-01-01 11:36:58,Payment related,N,N,,0 days,
ID0617,Jim,2021-01-11,Monday,1900-01-01 12:43:12,Payment related,N,N,,0 days,
ID0626,Greg,2021-01-11,Monday,1900-01-01 14:09:36,Technical Support,N,N,,0 days,
ID0627,Martha,2021-01-11,Monday,1900-01-01 14:13:55,Technical Support,N,N,,0 days,
ID0632,Diane,2021-01-11,Monday,1900-01-01 14:24:00,Admin Support,N,N,,0 days,
ID0633,Martha,2021-01-11,Monday,1900-01-01 14:26:53,Technical Support,N,N,,0 days,
ID0634,Joe,2021-01-11,Monday,1900-01-01 14:26:53,Contract related,N,N,,0 days,
ID0638,Diane,2021-01-11,Monday,1900-01-01 14:32:38,Streaming,N,N,,0 days,
ID0642,Becky,2021-01-11,Monday,1900-01-01 15:12:58,Contract related,N,N,,0 days,
ID0644,Joe,2021-01-11,Monday,1900-01-01 15:37:26,Admin Support,N,N,,0 days,
ID0649,Diane,2021-01-11,Monday,1900-01-01 16:43:41,Payment related,N,N,,0 days,
ID0669,Diane,2021-01-12,Tuesday,1900-01-01 10:16:19,Admin Support,N,N,,0 days,
ID0674,Jim,2021-01-12,Tuesday,1900-01-01 10:48:00,Payment related,N,N,,0 days,
ID0676,Stewart,2021-01-12,Tuesday,1900-01-01 10:49:26,Payment related,N,N,,0 days,
ID0679,Diane,2021-01-12,Tuesday,1900-01-01 11:41:17,Contract related,N,N,,0 days,
ID0689,Martha,2021-01-12,Tuesday,1900-01-01 13:42:14,Technical Support,N,N,,0 days,
ID0690,Martha,2021-01-12,Tuesday,1900-01-01 13:42:14,Admin Support,N,N,,0 days,
ID0692,Diane,2021-01-12,Tuesday,1900-01-01 14:12:29,Technical Support,N,N,,0 days,
ID0706,Becky,2021-01-12,Tuesday,1900-01-01 16:45:07,Technical Support,N,N,,0 days,
ID0708,Stewart,2021-01-12,Tuesday,1900-01-01 16:46:34,Admin Support,N,N,,0 days,
ID0718,Greg,2021-01-12,Tuesday,1900-01-01 18:00:00,Streaming,N,N,,0 days,
ID0721,Becky,2021-01-13,Wednesday,1900-01-01 09:44:38,Technical Support,N,N,,0 days,
ID0729,Diane,2021-01-13,Wednesday,1900-01-01 11:06:43,Payment related,N,N,,0 days,
ID0731,Martha,2021-01-13,Wednesday,1900-01-01 11:09:36,Streaming,N,N,,0 days,
ID0735,Greg,2021-01-13,Wednesday,1900-01-01 11:54:14,Admin Support,N,N,,0 days,
ID0742,Becky,2021-01-13,Wednesday,1900-01-01 12:40:19,Streaming,N,N,,0 days,
ID0753,Stewart,2021-01-13,Wednesday,1900-01-01 15:34:34,Technical Support,N,N,,0 days,
ID0763,Jim,2021-01-14,Thursday,1900-01-01 09:17:17,Technical Support,N,N,,0 days,
ID0768,Dan,2021-01-14,Thursday,1900-01-01 10:01:55,Streaming,N,N,,0 days,
ID0779,Greg,2021-01-14,Thursday,1900-01-01 12:05:46,Technical Support,N,N,,0 days,
ID0792,Martha,2021-01-14,Thursday,1900-01-01 13:35:02,Technical Support,N,N,,0 days,
ID0800,Martha,2021-01-14,Thursday,1900-01-01 15:20:10,Admin Support,N,N,,0 days,
ID0801,Diane,2021-01-14,Thursday,1900-01-01 15:51:50,Streaming,N,N,,0 days,
ID0802,Martha,2021-01-14,Thursday,1900-01-01 15:51:50,Admin Support,N,N,,0 days,
ID0803,Stewart,2021-01-14,Thursday,1900-01-01 15:54:43,Streaming,N,N,,0 days,
ID0804,Joe,2021-01-14,Thursday,1900-01-01 15:54:43,Technical Support,N,N,,0 days,
ID0807,Becky,2021-01-14,Thursday,1900-01-01 16:39:22,Technical Support,N,N,,0 days,
ID0812,Greg,2021-01-14,Thursday,1900-01-01 17:22:34,Contract related,N,N,,0 days,
ID0831,Dan,2021-01-15,Friday,1900-01-01 13:46:34,Technical Support,N,N,,0 days,
ID0840,Diane,2021-01-15,Friday,1900-01-01 15:01:26,Payment related,N,N,,0 days,
ID0843,Greg,2021-01-15,Friday,1900-01-01 15:30:14,Contract related,N,N,,0 days,
ID0858,Becky,2021-01-15,Friday,1900-01-01 17:38:24,Payment related,N,N,,0 days,
ID0865,Dan,2021-01-16,Saturday,1900-01-01 10:20:38,Technical Support,N,N,,0 days,
ID0872,Greg,2021-01-16,Saturday,1900-01-01 11:08:10,Admin Support,N,N,,0 days,
ID0873,Becky,2021-01-16,Saturday,1900-01-01 12:14:24,Streaming,N,N,,0 days,
ID0881,Martha,2021-01-16,Saturday,1900-01-01 13:03:22,Technical Support,N,N,,0 days,
ID0883,Dan,2021-01-16,Saturday,1900-01-01 13:35:02,Technical Support,N,N,,0 days,
ID0884,Stewart,2021-01-16,Saturday,1900-01-01 13:35:02,Payment related,N,N,,0 days,
ID0893,Diane,2021-01-16,Saturday,1900-01-01 14:39:50,Technical Support,N,N,,0 days,
ID0894,Diane,2021-01-16,Saturday,1900-01-01 14:39:50,Contract related,N,N,,0 days,
ID0897,Stewart,2021-01-16,Saturday,1900-01-01 15:24:29,Technical Support,N,N,,0 days,
ID0902,Stewart,2021-01-16,Saturday,1900-01-01 15:47:31,Technical Support,N,N,,0 days,
ID0908,Jim,2021-01-16,Saturday,1900-01-01 16:36:29,Technical Support,N,N,,0 days,
ID0916,Becky,2021-01-16,Saturday,1900-01-01 17:58:34,Admin Support,N,N,,0 days,
ID0924,Greg,2021-01-17,Sunday,1900-01-01 11:42:43,Contract related,N,N,,0 days,
ID0929,Jim,2021-01-17,Sunday,1900-01-01 12:38:53,Streaming,N,N,,0 days,
ID0931,Joe,2021-01-17,Sunday,1900-01-01 12:44:38,Admin Support,N,N,,0 days,
ID0932,Jim,2021-01-17,Sunday,1900-01-01 12:44:38,Technical Support,N,N,,0 days,
ID0943,Diane,2021-01-17,Sunday,1900-01-01 14:18:14,Streaming,N,N,,0 days,
ID0948,Stewart,2021-01-17,Sunday,1900-01-01 14:31:12,Contract related,N,N,,0 days,
ID0949,Greg,2021-01-17,Sunday,1900-01-01 15:00:00,Streaming,N,N,,0 days,
ID0960,Martha,2021-01-17,Sunday,1900-01-01 16:29:17,Payment related,N,N,,0 days,
ID0963,Becky,2021-01-17,Sunday,1900-01-01 17:16:48,Streaming,N,N,,0 days,
ID0972,Dan,2021-01-18,Monday,1900-01-01 09:24:29,Contract related,N,N,,0 days,
ID0974,Jim,2021-01-18,Monday,1900-01-01 09:31:41,Technical Support,N,N,,0 days,
ID0975,Diane,2021-01-18,Monday,1900-01-01 09:36:00,Admin Support,N,N,,0 days,
ID0979,Martha,2021-01-18,Monday,1900-01-01 11:28:19,Streaming,N,N,,0 days,
ID0981,Stewart,2021-01-18,Monday,1900-01-01 11:47:02,Payment related,N,N,,0 days,
ID0993,Stewart,2021-01-18,Monday,1900-01-01 12:34:34,Contract related,N,N,,0 days,
ID0994,Dan,2021-01-18,Monday,1900-01-01 12:34:34,Technical Support,N,N,,0 days,
ID0995,Becky,2021-01-18,Monday,1900-01-01 12:37:26,Streaming,N,N,,0 days,
ID1004,Jim,2021-01-18,Monday,1900-01-01 13:10:34,Technical Support,N,N,,0 days,
ID1008,Joe,2021-01-18,Monday,1900-01-01 14:58:34,Technical Support,N,N,,0 days,
ID1010,Becky,2021-01-18,Monday,1900-01-01 15:18:43,Contract related,N,N,,0 days,
ID1011,Jim,2021-01-18,Monday,1900-01-01 15:50:24,Admin Support,N,N,,0 days,
ID1039,Joe,2021-01-19,Tuesday,1900-01-01 09:44:38,Contract related,N,N,,0 days,
ID1041,Joe,2021-01-19,Tuesday,1900-01-01 10:13:26,Technical Support,N,N,,0 days,
ID1042,Joe,2021-01-19,Tuesday,1900-01-01 10:13:26,Streaming,N,N,,0 days,
ID1045,Becky,2021-01-19,Tuesday,1900-01-01 10:33:36,Contract related,N,N,,0 days,
ID1047,Stewart,2021-01-19,Tuesday,1900-01-01 10:52:19,Streaming,N,N,,0 days,
ID1049,Dan,2021-01-19,Tuesday,1900-01-01 11:25:26,Contract related,N,N,,0 days,
ID1055,Martha,2021-01-19,Tuesday,1900-01-01 12:28:48,Streaming,N,N,,0 days,
ID1060,Dan,2021-01-19,Tuesday,1900-01-01 12:59:02,Technical Support,N,N,,0 days,
ID1064,Dan,2021-01-19,Tuesday,1900-01-01 13:22:05,Payment related,N,N,,0 days,
ID1067,Greg,2021-01-19,Tuesday,1900-01-01 13:36:29,Technical Support,N,N,,0 days,
ID1070,Diane,2021-01-19,Tuesday,1900-01-01 13:37:55,Contract related,N,N,,0 days,
ID1075,Greg,2021-01-19,Tuesday,1900-01-01 15:00:00,Contract related,N,N,,0 days,
ID1081,Becky,2021-01-19,Tuesday,1900-01-01 15:54:43,Admin Support,N,N,,0 days,
ID1091,Jim,2021-01-19,Tuesday,1900-01-01 17:24:00,Contract related,N,N,,0 days,
ID1093,Stewart,2021-01-20,Wednesday,1900-01-01 09:05:46,Technical Support,N,N,,0 days,
ID1097,Greg,2021-01-20,Wednesday,1900-01-01 09:46:05,Admin Support,N,N,,0 days,
ID1098,Dan,2021-01-20,Wednesday,1900-01-01 09:46:05,Payment related,N,N,,0 days,
ID1104,Martha,2021-01-20,Wednesday,1900-01-01 11:24:00,Streaming,N,N,,0 days,
ID1120,Diane,2021-01-20,Wednesday,1900-01-01 13:59:31,Payment related,N,N,,0 days,
ID1126,Stewart,2021-01-20,Wednesday,1900-01-01 16:20:38,Contract related,N,N,,0 days,
ID1130,Stewart,2021-01-20,Wednesday,1900-01-01 17:55:41,Technical Support,N,N,,0 days,
ID1135,Dan,2021-01-21,Thursday,1900-01-01 09:37:26,Streaming,N,N,,0 days,
ID1148,Martha,2021-01-21,Thursday,1900-01-01 10:59:31,Technical Support,N,N,,0 days,
ID1154,Martha,2021-01-21,Thursday,1900-01-01 12:02:53,Admin Support,N,N,,0 days,
ID1156,Joe,2021-01-21,Thursday,1900-01-01 12:07:12,Streaming,N,N,,0 days,
ID1157,Joe,2021-01-21,Thursday,1900-01-01 15:47:31,Payment related,N,N,,0 days,
ID1158,Joe,2021-01-21,Thursday,1900-01-01 15:47:31,Technical Support,N,N,,0 days,
ID1159,Martha,2021-01-21,Thursday,1900-01-01 15:48:58,Technical Support,N,N,,0 days,
ID1162,Martha,2021-01-21,Thursday,1900-01-01 16:03:22,Admin Support,N,N,,0 days,
ID1163,Becky,2021-01-21,Thursday,1900-01-01 16:20:38,Payment related,N,N,,0 days,
ID1172,Becky,2021-01-21,Thursday,1900-01-01 17:26:53,Technical Support,N,N,,0 days,
ID1176,Martha,2021-01-21,Thursday,1900-01-01 17:26:53,Technical Support,N,N,,0 days,
ID1179,Dan,2021-01-21,Thursday,1900-01-01 17:38:24,Technical Support,N,N,,0 days,
ID1181,Stewart,2021-01-22,Friday,1900-01-01 09:11:31,Technical Support,N,N,,0 days,
ID1191,Becky,2021-01-22,Friday,1900-01-01 10:37:55,Technical Support,N,N,,0 days,
ID1195,Greg,2021-01-22,Friday,1900-01-01 11:42:43,Technical Support,N,N,,0 days,
ID1201,Stewart,2021-01-22,Friday,1900-01-01 12:47:31,Technical Support,N,N,,0 days,
ID1202,Greg,2021-01-22,Friday,1900-01-01 12:47:31,Contract related,N,N,,0 days,
ID1203,Joe,2021-01-22,Friday,1900-01-01 14:19:41,Admin Support,N,N,,0 days,
ID1209,Stewart,2021-01-22,Friday,1900-01-01 14:48:29,Streaming,N,N,,0 days,
ID1213,Martha,2021-01-22,Friday,1900-01-01 15:30:14,Contract related,N,N,,0 days,
ID1214,Jim,2021-01-22,Friday,1900-01-01 15:30:14,Streaming,N,N,,0 days,
ID1215,Martha,2021-01-22,Friday,1900-01-01 15:56:10,Streaming,N,N,,0 days,
ID1216,Martha,2021-01-22,Friday,1900-01-01 15:56:10,Admin Support,N,N,,0 days,
ID1217,Martha,2021-01-22,Friday,1900-01-01 16:01:55,Payment related,N,N,,0 days,
ID1219,Greg,2021-01-22,Friday,1900-01-01 16:39:22,Admin Support,N,N,,0 days,
ID1221,Becky,2021-01-22,Friday,1900-01-01 16:50:53,Contract related,N,N,,0 days,
ID1225,Greg,2021-01-22,Friday,1900-01-01 17:25:26,Admin Support,N,N,,0 days,
ID1228,Martha,2021-01-22,Friday,1900-01-01 17:38:24,Technical Support,N,N,,0 days,
ID1239,Diane,2021-01-23,Saturday,1900-01-01 10:49:26,Admin Support,N,N,,0 days,
ID1246,Dan,2021-01-23,Saturday,1900-01-01 11:29:46,Contract related,N,N,,0 days,
ID1254,Diane,2021-01-23,Saturday,1900-01-01 11:44:10,Streaming,N,N,,0 days,
ID1262,Martha,2021-01-23,Saturday,1900-01-01 12:54:43,Technical Support,N,N,,0 days,
ID1268,Martha,2021-01-23,Saturday,1900-01-01 14:13:55,Streaming,N,N,,0 days,
ID1270,Becky,2021-01-23,Saturday,1900-01-01 14:52:48,Technical Support,N,N,,0 days,
ID1272,Martha,2021-01-23,Saturday,1900-01-01 16:01:55,Admin Support,N,N,,0 days,
ID1280,Dan,2021-01-23,Saturday,1900-01-01 17:24:00,Contract related,N,N,,0 days,
ID1283,Greg,2021-01-23,Saturday,1900-01-01 17:44:10,Contract related,N,N,,0 days,
ID1284,Stewart,2021-01-23,Saturday,1900-01-01 17:44:10,Payment related,N,N,,0 days,
ID1285,Dan,2021-01-24,Sunday,1900-01-01 09:05:46,Payment related,N,N,,0 days,
ID1294,Joe,2021-01-24,Sunday,1900-01-01 09:24:29,Contract related,N,N,,0 days,
ID1296,Greg,2021-01-24,Sunday,1900-01-01 09:54:43,Payment related,N,N,,0 days,
ID1300,Jim,2021-01-24,Sunday,1900-01-01 10:04:48,Technical Support,N,N,,0 days,
ID1304,Martha,2021-01-24,Sunday,1900-01-01 10:29:17,Admin Support,N,N,,0 days,
ID1306,Becky,2021-01-24,Sunday,1900-01-01 10:32:10,Contract related,N,N,,0 days,
ID1333,Becky,2021-01-24,Sunday,1900-01-01 17:16:48,Contract related,N,N,,0 days,
ID1349,Diane,2021-01-25,Monday,1900-01-01 10:27:50,Admin Support,N,N,,0 days,
ID1350,Joe,2021-01-25,Monday,1900-01-01 10:27:50,Contract related,N,N,,0 days,
ID1355,Greg,2021-01-25,Monday,1900-01-01 11:42:43,Admin Support,N,N,,0 days,
ID1366,Jim,2021-01-25,Monday,1900-01-01 12:10:05,Admin Support,N,N,,0 days,
ID1368,Stewart,2021-01-25,Monday,1900-01-01 12:12:58,Streaming,N,N,,0 days,
ID1372,Jim,2021-01-25,Monday,1900-01-01 12:21:36,Technical Support,N,N,,0 days,
ID1375,Jim,2021-01-25,Monday,1900-01-01 12:43:12,Admin Support,N,N,,0 days,
ID1381,Becky,2021-01-25,Monday,1900-01-01 14:11:02,Streaming,N,N,,0 days,
ID1383,Diane,2021-01-25,Monday,1900-01-01 14:12:29,Streaming,N,N,,0 days,
ID1386,Joe,2021-01-25,Monday,1900-01-01 14:26:53,Technical Support,N,N,,0 days,
ID1391,Becky,2021-01-25,Monday,1900-01-01 15:05:46,Payment related,N,N,,0 days,
ID1396,Becky,2021-01-25,Monday,1900-01-01 15:51:50,Contract related,N,N,,0 days,
ID1409,Stewart,2021-01-26,Tuesday,1900-01-01 09:51:50,Technical Support,N,N,,0 days,
ID1414,Stewart,2021-01-26,Tuesday,1900-01-01 10:40:48,Payment related,N,N,,0 days,
ID1421,Joe,2021-01-26,Tuesday,1900-01-01 11:19:41,Admin Support,N,N,,0 days,
ID1426,Becky,2021-01-26,Tuesday,1900-01-01 12:48:58,Streaming,N,N,,0 days,
ID1436,Stewart,2021-01-26,Tuesday,1900-01-01 14:08:10,Streaming,N,N,,0 days,
ID1452,Dan,2021-01-26,Tuesday,1900-01-01 15:30:14,Payment related,N,N,,0 days,
ID1457,Becky,2021-01-26,Tuesday,1900-01-01 16:06:14,Payment related,N,N,,0 days,
ID1466,Greg,2021-01-27,Wednesday,1900-01-01 09:38:53,Streaming,N,N,,0 days,
ID1469,Greg,2021-01-27,Wednesday,1900-01-01 09:54:43,Payment related,N,N,,0 days,
ID1477,Jim,2021-01-27,Wednesday,1900-01-01 12:40:19,Contract related,N,N,,0 days,
ID1479,Martha,2021-01-27,Wednesday,1900-01-01 13:00:29,Technical Support,N,N,,0 days,
ID1482,Jim,2021-01-27,Wednesday,1900-01-01 13:03:22,Technical Support,N,N,,0 days,
ID1500,Diane,2021-01-27,Wednesday,1900-01-01 15:23:02,Streaming,N,N,,0 days,
ID1506,Greg,2021-01-27,Wednesday,1900-01-01 16:01:55,Technical Support,N,N,,0 days,
ID1516,Greg,2021-01-27,Wednesday,1900-01-01 17:18:14,Contract related,N,N,,0 days,
ID1518,Martha,2021-01-27,Wednesday,1900-01-01 17:42:43,Technical Support,N,N,,0 days,
ID1545,Jim,2021-01-28,Thursday,1900-01-01 13:00:29,Contract related,N,N,,0 days,
ID1558,Becky,2021-01-28,Thursday,1900-01-01 14:57:07,Technical Support,N,N,,0 days,
ID1561,Diane,2021-01-28,Thursday,1900-01-01 16:13:26,Streaming,N,N,,0 days,
ID1572,Martha,2021-01-28,Thursday,1900-01-01 17:52:48,Admin Support,N,N,,0 days,
ID1576,Jim,2021-01-29,Friday,1900-01-01 09:02:53,Admin Support,N,N,,0 days,
ID1578,Greg,2021-01-29,Friday,1900-01-01 09:08:38,Payment related,N,N,,0 days,
ID1580,Stewart,2021-01-29,Friday,1900-01-01 09:20:10,Payment related,N,N,,0 days,
ID1584,Becky,2021-01-29,Friday,1900-01-01 10:20:38,Payment related,N,N,,0 days,
ID1588,Jim,2021-01-29,Friday,1900-01-01 10:50:53,Technical Support,N,N,,0 days,
ID1591,Diane,2021-01-29,Friday,1900-01-01 11:57:07,Payment related,N,N,,0 days,
ID1610,Stewart,2021-01-29,Friday,1900-01-01 14:11:02,Technical Support,N,N,,0 days,
ID1611,Stewart,2021-01-29,Friday,1900-01-01 14:32:38,Contract related,N,N,,0 days,
ID1624,Becky,2021-01-29,Friday,1900-01-01 15:51:50,Payment related,N,N,,0 days,
ID1625,Joe,2021-01-29,Friday,1900-01-01 16:10:34,Streaming,N,N,,0 days,
ID1626,Joe,2021-01-29,Friday,1900-01-01 16:10:34,Technical Support,N,N,,0 days,
ID1631,Stewart,2021-01-29,Friday,1900-01-01 17:52:48,Technical Support,N,N,,0 days,
ID1647,Dan,2021-01-30,Saturday,1900-01-01 11:12:29,Streaming,N,N,,0 days,
ID1658,Martha,2021-01-30,Saturday,1900-01-01 12:37:26,Contract related,N,N,,0 days,
ID1672,Joe,2021-01-30,Saturday,1900-01-01 14:00:58,Payment related,N,N,,0 days,
ID1674,Stewart,2021-01-30,Saturday,1900-01-01 14:09:36,Payment related,N,N,,0 days,
ID1684,Diane,2021-01-30,Saturday,1900-01-01 15:44:38,Payment related,N,N,,0 days,
ID1690,Becky,2021-01-30,Saturday,1900-01-01 16:13:26,Admin Support,N,N,,0 days,
ID1693,Greg,2021-01-30,Saturday,1900-01-01 16:19:12,Contract related,N,N,,0 days,
ID1695,Jim,2021-01-30,Saturday,1900-01-01 16:32:10,Technical Support,N,N,,0 days,
ID1696,Jim,2021-01-30,Saturday,1900-01-01 16:32:10,Contract related,N,N,,0 days,
ID1697,Dan,2021-01-30,Saturday,1900-01-01 16:49:26,Technical Support,N,N,,0 days,
ID1705,Stewart,2021-01-30,Saturday,1900-01-01 17:18:14,Contract related,N,N,,0 days,
ID1706,Jim,2021-01-30,Saturday,1900-01-01 17:18:14,Admin Support,N,N,,0 days,
ID1707,Martha,2021-01-30,Saturday,1900-01-01 17:25:26,Payment related,N,N,,0 days,
ID1720,Greg,2021-01-31,Sunday,1900-01-01 09:24:29,Streaming,N,N,,0 days,
ID1725,Jim,2021-01-31,Sunday,1900-01-01 11:32:38,Payment related,N,N,,0 days,
ID1726,Greg,2021-01-31,Sunday,1900-01-01 11:32:38,Contract related,N,N,,0 days,
ID1727,Joe,2021-01-31,Sunday,1900-01-01 11:35:31,Admin Support,N,N,,0 days,
ID1731,Dan,2021-01-31,Sunday,1900-01-01 11:58:34,Contract related,N,N,,0 days,
ID1740,Jim,2021-01-31,Sunday,1900-01-01 12:37:26,Streaming,N,N,,0 days,
ID1744,Martha,2021-01-31,Sunday,1900-01-01 12:50:24,Contract related,N,N,,0 days,
ID1749,Jim,2021-01-31,Sunday,1900-01-01 14:05:17,Technical Support,N,N,,0 days,
ID1757,Jim,2021-01-31,Sunday,1900-01-01 15:38:53,Streaming,N,N,,0 days,
ID1760,Martha,2021-01-31,Sunday,1900-01-01 15:56:10,Admin Support,N,N,,0 days,
ID1768,Dan,2021-01-31,Sunday,1900-01-01 16:56:38,Streaming,N,N,,0 days,
ID1769,Dan,2021-01-31,Sunday,1900-01-01 17:08:10,Admin Support,N,N,,0 days,
ID1773,Dan,2021-02-01,Monday,1900-01-01 09:18:43,Contract related,N,N,,0 days,
ID1777,Jim,2021-02-01,Monday,1900-01-01 09:25:55,Technical Support,N,N,,0 days,
ID1780,Martha,2021-02-01,Monday,1900-01-01 09:37:26,Technical Support,N,N,,0 days,
ID1781,Becky,2021-02-01,Monday,1900-01-01 09:37:26,Contract related,N,N,,0 days,
ID1785,Becky,2021-02-01,Monday,1900-01-01 10:32:10,Admin Support,N,N,,0 days,
ID1789,Greg,2021-02-01,Monday,1900-01-01 11:18:14,Streaming,N,N,,0 days,
ID1791,Dan,2021-02-01,Monday,1900-01-01 12:07:12,Technical Support,N,N,,0 days,
ID1805,Dan,2021-02-01,Monday,1900-01-01 13:36:29,Contract related,N,N,,0 days,
ID1809,Becky,2021-02-01,Monday,1900-01-01 13:46:34,Contract related,N,N,,0 days,
ID1817,Joe,2021-02-01,Monday,1900-01-01 14:32:38,Payment related,N,N,,0 days,
ID1830,Greg,2021-02-01,Monday,1900-01-01 16:46:34,Payment related,N,N,,0 days,
ID1832,Joe,2021-02-01,Monday,1900-01-01 17:12:29,Payment related,N,N,,0 days,
ID1833,Stewart,2021-02-01,Monday,1900-01-01 17:24:00,Technical Support,N,N,,0 days,
ID1834,Greg,2021-02-01,Monday,1900-01-01 17:24:00,Payment related,N,N,,0 days,
ID1844,Diane,2021-02-01,Monday,1900-01-01 17:57:07,Streaming,N,N,,0 days,
ID1849,Joe,2021-02-02,Tuesday,1900-01-01 09:54:43,Admin Support,N,N,,0 days,
ID1850,Stewart,2021-02-02,Tuesday,1900-01-01 09:54:43,Contract related,N,N,,0 days,
ID1851,Martha,2021-02-02,Tuesday,1900-01-01 09:57:36,Streaming,N,N,,0 days,
ID1860,Joe,2021-02-02,Tuesday,1900-01-01 13:06:14,Contract related,N,N,,0 days,
ID1863,Greg,2021-02-02,Tuesday,1900-01-01 13:46:34,Payment related,N,N,,0 days,
ID1865,Diane,2021-02-02,Tuesday,1900-01-01 13:46:34,Streaming,N,N,,0 days,
ID1878,Martha,2021-02-02,Tuesday,1900-01-01 16:52:19,Technical Support,N,N,,0 days,
ID1880,Stewart,2021-02-02,Tuesday,1900-01-01 17:11:02,Payment related,N,N,,0 days,
ID1888,Diane,2021-02-03,Wednesday,1900-01-01 09:41:46,Streaming,N,N,,0 days,
ID1889,Greg,2021-02-03,Wednesday,1900-01-01 09:48:58,Streaming,N,N,,0 days,
ID1890,Diane,2021-02-03,Wednesday,1900-01-01 09:48:58,Contract related,N,N,,0 days,
ID1891,Dan,2021-02-03,Wednesday,1900-01-01 10:09:07,Streaming,N,N,,0 days,
ID1897,Dan,2021-02-03,Wednesday,1900-01-01 10:45:07,Contract related,N,N,,0 days,
ID1899,Greg,2021-02-03,Wednesday,1900-01-01 10:50:53,Contract related,N,N,,0 days,
ID1904,Dan,2021-02-03,Wednesday,1900-01-01 11:13:55,Streaming,N,N,,0 days,
ID1905,Martha,2021-02-03,Wednesday,1900-01-01 11:34:05,Technical Support,N,N,,0 days,
ID1912,Diane,2021-02-03,Wednesday,1900-01-01 12:40:19,Technical Support,N,N,,0 days,
ID1914,Joe,2021-02-03,Wednesday,1900-01-01 12:44:38,Admin Support,N,N,,0 days,
ID1921,Greg,2021-02-03,Wednesday,1900-01-01 13:32:10,Streaming,N,N,,0 days,
ID1922,Dan,2021-02-03,Wednesday,1900-01-01 13:32:10,Admin Support,N,N,,0 days,
ID1924,Jim,2021-02-03,Wednesday,1900-01-01 13:33:36,Streaming,N,N,,0 days,
ID1948,Diane,2021-02-03,Wednesday,1900-01-01 16:58:05,Streaming,N,N,,0 days,
ID1950,Stewart,2021-02-03,Wednesday,1900-01-01 17:03:50,Payment related,N,N,,0 days,
ID1955,Greg,2021-02-04,Thursday,1900-01-01 09:11:31,Admin Support,N,N,,0 days,
ID1958,Diane,2021-02-04,Thursday,1900-01-01 09:36:00,Technical Support,N,N,,0 days,
ID1959,Martha,2021-02-04,Thursday,1900-01-01 09:56:10,Admin Support,N,N,,0 days,
ID1967,Diane,2021-02-04,Thursday,1900-01-01 10:33:36,Streaming,N,N,,0 days,
ID1972,Jim,2021-02-04,Thursday,1900-01-01 11:02:24,Contract related,N,N,,0 days,
ID1975,Joe,2021-02-04,Thursday,1900-01-01 11:45:36,Payment related,N,N,,0 days,
ID1976,Stewart,2021-02-04,Thursday,1900-01-01 11:45:36,Technical Support,N,N,,0 days,
ID1983,Diane,2021-02-04,Thursday,1900-01-01 12:20:10,Streaming,N,N,,0 days,
ID1987,Joe,2021-02-04,Thursday,1900-01-01 12:36:00,Technical Support,N,N,,0 days,
ID1994,Diane,2021-02-04,Thursday,1900-01-01 13:06:14,Admin Support,N,N,,0 days,
ID1996,Stewart,2021-02-04,Thursday,1900-01-01 13:23:31,Payment related,N,N,,0 days,
ID2000,Diane,2021-02-04,Thursday,1900-01-01 14:03:50,Technical Support,N,N,,0 days,
ID2003,Jim,2021-02-04,Thursday,1900-01-01 14:58:34,Admin Support,N,N,,0 days,
ID2008,Jim,2021-02-04,Thursday,1900-01-01 15:34:34,Streaming,N,N,,0 days,
ID2009,Diane,2021-02-04,Thursday,1900-01-01 15:46:05,Payment related,N,N,,0 days,
ID2012,Joe,2021-02-04,Thursday,1900-01-01 15:47:31,Technical Support,N,N,,0 days,
ID2026,Martha,2021-02-04,Thursday,1900-01-01 17:57:07,Technical Support,N,N,,0 days,
ID2029,Greg,2021-02-05,Friday,1900-01-01 09:27:22,Technical Support,N,N,,0 days,
ID2030,Jim,2021-02-05,Friday,1900-01-01 09:27:22,Contract related,N,N,,0 days,
ID2032,Martha,2021-02-05,Friday,1900-01-01 09:37:26,Streaming,N,N,,0 days,
ID2038,Jim,2021-02-05,Friday,1900-01-01 10:17:46,Admin Support,N,N,,0 days,
ID2043,Dan,2021-02-05,Friday,1900-01-01 10:49:26,Streaming,N,N,,0 days,
ID2046,Martha,2021-02-05,Friday,1900-01-01 11:13:55,Payment related,N,N,,0 days,
ID2051,Dan,2021-02-05,Friday,1900-01-01 11:42:43,Admin Support,N,N,,0 days,
ID2058,Greg,2021-02-05,Friday,1900-01-01 11:49:55,Admin Support,N,N,,0 days,
ID2071,Dan,2021-02-05,Friday,1900-01-01 14:26:53,Payment related,N,N,,0 days,
ID2084,Martha,2021-02-05,Friday,1900-01-01 15:41:46,Admin Support,N,N,,0 days,
ID2090,Martha,2021-02-05,Friday,1900-01-01 16:23:31,Technical Support,N,N,,0 days,
ID2092,Dan,2021-02-05,Friday,1900-01-01 16:55:12,Admin Support,N,N,,0 days,
ID2094,Jim,2021-02-05,Friday,1900-01-01 17:21:07,Admin Support,N,N,,0 days,
ID2095,Martha,2021-02-05,Friday,1900-01-01 17:39:50,Contract related,N,N,,0 days,
ID2096,Jim,2021-02-05,Friday,1900-01-01 17:39:50,Technical Support,N,N,,0 days,
ID2110,Stewart,2021-02-06,Saturday,1900-01-01 11:02:24,Contract related,N,N,,0 days,
ID2114,Becky,2021-02-06,Saturday,1900-01-01 11:32:38,Admin Support,N,N,,0 days,
ID2116,Becky,2021-02-06,Saturday,1900-01-01 11:38:24,Payment related,N,N,,0 days,
ID2121,Martha,2021-02-06,Saturday,1900-01-01 12:12:58,Payment related,N,N,,0 days,
ID2127,Diane,2021-02-06,Saturday,1900-01-01 13:03:22,Streaming,N,N,,0 days,
ID2131,Martha,2021-02-06,Saturday,1900-01-01 13:43:41,Payment related,N,N,,0 days,
ID2133,Dan,2021-02-06,Saturday,1900-01-01 14:52:48,Technical Support,N,N,,0 days,
ID2138,Diane,2021-02-06,Saturday,1900-01-01 15:53:17,Payment related,N,N,,0 days,
ID2151,Martha,2021-02-07,Sunday,1900-01-01 09:28:48,Technical Support,N,N,,0 days,
ID2156,Becky,2021-02-07,Sunday,1900-01-01 10:00:29,Payment related,N,N,,0 days,
ID2159,Diane,2021-02-07,Sunday,1900-01-01 10:13:26,Payment related,N,N,,0 days,
ID2180,Dan,2021-02-07,Sunday,1900-01-01 13:52:19,Admin Support,N,N,,0 days,
ID2192,Martha,2021-02-07,Sunday,1900-01-01 16:19:12,Technical Support,N,N,,0 days,
ID2197,Jim,2021-02-07,Sunday,1900-01-01 16:35:02,Payment related,N,N,,0 days,
ID2199,Martha,2021-02-07,Sunday,1900-01-01 16:39:22,Payment related,N,N,,0 days,
ID2200,Becky,2021-02-07,Sunday,1900-01-01 16:39:22,Payment related,N,N,,0 days,
ID2204,Greg,2021-02-07,Sunday,1900-01-01 17:25:26,Contract related,N,N,,0 days,
ID2205,Jim,2021-02-08,Monday,1900-01-01 09:00:00,Admin Support,N,N,,0 days,
ID2212,Diane,2021-02-08,Monday,1900-01-01 10:07:41,Contract related,N,N,,0 days,
ID2216,Stewart,2021-02-08,Monday,1900-01-01 12:11:31,Streaming,N,N,,0 days,
ID2218,Martha,2021-02-08,Monday,1900-01-01 13:09:07,Contract related,N,N,,0 days,
ID2221,Diane,2021-02-08,Monday,1900-01-01 14:15:22,Technical Support,N,N,,0 days,
ID2231,Becky,2021-02-08,Monday,1900-01-01 14:55:41,Payment related,N,N,,0 days,
ID2242,Martha,2021-02-08,Monday,1900-01-01 16:46:34,Streaming,N,N,,0 days,
ID2261,Dan,2021-02-09,Tuesday,1900-01-01 12:28:48,Payment related,N,N,,0 days,
ID2262,Stewart,2021-02-09,Tuesday,1900-01-01 12:28:48,Streaming,N,N,,0 days,
ID2265,Becky,2021-02-09,Tuesday,1900-01-01 12:47:31,Contract related,N,N,,0 days,
ID2266,Greg,2021-02-09,Tuesday,1900-01-01 12:47:31,Technical Support,N,N,,0 days,
ID2274,Greg,2021-02-09,Tuesday,1900-01-01 13:06:14,Technical Support,N,N,,0 days,
ID2277,Jim,2021-02-09,Tuesday,1900-01-01 13:29:17,Admin Support,N,N,,0 days,
ID2282,Joe,2021-02-09,Tuesday,1900-01-01 14:29:46,Payment related,N,N,,0 days,
ID2283,Diane,2021-02-09,Tuesday,1900-01-01 15:20:10,Technical Support,N,N,,0 days,
ID2286,Martha,2021-02-09,Tuesday,1900-01-01 15:54:43,Technical Support,N,N,,0 days,
ID2301,Dan,2021-02-09,Tuesday,1900-01-01 17:57:07,Admin Support,N,N,,0 days,
ID2304,Stewart,2021-02-10,Wednesday,1900-01-01 09:01:26,Admin Support,N,N,,0 days,
ID2310,Becky,2021-02-10,Wednesday,1900-01-01 10:37:55,Contract related,N,N,,0 days,
ID2321,Becky,2021-02-10,Wednesday,1900-01-01 11:51:22,Payment related,N,N,,0 days,
ID2322,Stewart,2021-02-10,Wednesday,1900-01-01 11:51:22,Payment related,N,N,,0 days,
ID2326,Becky,2021-02-10,Wednesday,1900-01-01 12:20:10,Technical Support,N,N,,0 days,
ID2327,Jim,2021-02-10,Wednesday,1900-01-01 12:23:02,Contract related,N,N,,0 days,
ID2330,Dan,2021-02-10,Wednesday,1900-01-01 12:47:31,Admin Support,N,N,,0 days,
ID2339,Stewart,2021-02-10,Wednesday,1900-01-01 14:09:36,Streaming,N,N,,0 days,
ID2346,Diane,2021-02-10,Wednesday,1900-01-01 16:22:05,Admin Support,N,N,,0 days,
ID2348,Becky,2021-02-10,Wednesday,1900-01-01 16:26:24,Technical Support,N,N,,0 days,
ID2349,Joe,2021-02-10,Wednesday,1900-01-01 16:27:50,Technical Support,N,N,,0 days,
ID2351,Dan,2021-02-10,Wednesday,1900-01-01 16:27:50,Contract related,N,N,,0 days,
ID2352,Diane,2021-02-10,Wednesday,1900-01-01 16:27:50,Contract related,N,N,,0 days,
ID2361,Jim,2021-02-10,Wednesday,1900-01-01 17:35:31,Contract related,N,N,,0 days,
ID2367,Becky,2021-02-11,Thursday,1900-01-01 09:11:31,Payment related,N,N,,0 days,
ID2372,Greg,2021-02-11,Thursday,1900-01-01 09:44:38,Contract related,N,N,,0 days,
ID2380,Diane,2021-02-11,Thursday,1900-01-01 11:05:17,Contract related,N,N,,0 days,
ID2384,Becky,2021-02-11,Thursday,1900-01-01 11:54:14,Admin Support,N,N,,0 days,
ID2387,Diane,2021-02-11,Thursday,1900-01-01 12:00:00,Payment related,N,N,,0 days,
ID2389,Becky,2021-02-11,Thursday,1900-01-01 12:00:00,Payment related,N,N,,0 days,
ID2390,Becky,2021-02-11,Thursday,1900-01-01 12:00:00,Admin Support,N,N,,0 days,
ID2394,Dan,2021-02-11,Thursday,1900-01-01 12:15:50,Payment related,N,N,,0 days,
ID2395,Stewart,2021-02-11,Thursday,1900-01-01 12:30:14,Payment related,N,N,,0 days,
ID2397,Dan,2021-02-11,Thursday,1900-01-01 12:34:34,Technical Support,N,N,,0 days,
ID2401,Jim,2021-02-11,Thursday,1900-01-01 12:50:24,Contract related,N,N,,0 days,
ID2404,Stewart,2021-02-11,Thursday,1900-01-01 12:57:36,Payment related,N,N,,0 days,
ID2417,Jim,2021-02-11,Thursday,1900-01-01 14:03:50,Contract related,N,N,,0 days,
ID2433,Diane,2021-02-11,Thursday,1900-01-01 17:02:24,Technical Support,N,N,,0 days,
ID2437,Martha,2021-02-12,Friday,1900-01-01 09:12:58,Contract related,N,N,,0 days,
ID2438,Joe,2021-02-12,Friday,1900-01-01 09:12:58,Payment related,N,N,,0 days,
ID2443,Martha,2021-02-12,Friday,1900-01-01 10:16:19,Admin Support,N,N,,0 days,
ID2444,Jim,2021-02-12,Friday,1900-01-01 10:16:19,Technical Support,N,N,,0 days,
ID2450,Becky,2021-02-12,Friday,1900-01-01 10:32:10,Contract related,N,N,,0 days,
ID2455,Dan,2021-02-12,Friday,1900-01-01 11:08:10,Contract related,N,N,,0 days,
ID2462,Dan,2021-02-12,Friday,1900-01-01 12:14:24,Technical Support,N,N,,0 days,
ID2468,Jim,2021-02-12,Friday,1900-01-01 13:07:41,Admin Support,N,N,,0 days,
ID2473,Diane,2021-02-12,Friday,1900-01-01 15:53:17,Technical Support,N,N,,0 days,
ID2480,Diane,2021-02-12,Friday,1900-01-01 17:52:48,Streaming,N,N,,0 days,
ID2481,Martha,2021-02-13,Saturday,1900-01-01 09:14:24,Payment related,N,N,,0 days,
ID2482,Dan,2021-02-13,Saturday,1900-01-01 09:14:24,Technical Support,N,N,,0 days,
ID2484,Jim,2021-02-13,Saturday,1900-01-01 09:33:07,Streaming,N,N,,0 days,
ID2486,Jim,2021-02-13,Saturday,1900-01-01 09:36:00,Payment related,N,N,,0 days,
ID2487,Becky,2021-02-13,Saturday,1900-01-01 09:41:46,Contract related,N,N,,0 days,
ID2494,Dan,2021-02-13,Saturday,1900-01-01 10:33:36,Payment related,N,N,,0 days,
ID2507,Jim,2021-02-13,Saturday,1900-01-01 12:28:48,Admin Support,N,N,,0 days,
ID2509,Dan,2021-02-13,Saturday,1900-01-01 12:47:31,Technical Support,N,N,,0 days,
ID2513,Greg,2021-02-13,Saturday,1900-01-01 13:13:26,Admin Support,N,N,,0 days,
ID2529,Martha,2021-02-13,Saturday,1900-01-01 16:16:19,Streaming,N,N,,0 days,
ID2531,Diane,2021-02-13,Saturday,1900-01-01 16:50:53,Payment related,N,N,,0 days,
ID2538,Stewart,2021-02-14,Sunday,1900-01-01 09:38:53,Contract related,N,N,,0 days,
ID2541,Jim,2021-02-14,Sunday,1900-01-01 09:48:58,Contract related,N,N,,0 days,
ID2548,Diane,2021-02-14,Sunday,1900-01-01 10:52:19,Technical Support,N,N,,0 days,
ID2552,Greg,2021-02-14,Sunday,1900-01-01 12:31:41,Contract related,N,N,,0 days,
ID2555,Stewart,2021-02-14,Sunday,1900-01-01 12:57:36,Streaming,N,N,,0 days,
ID2556,Jim,2021-02-14,Sunday,1900-01-01 12:57:36,Technical Support,N,N,,0 days,
ID2561,Jim,2021-02-14,Sunday,1900-01-01 13:46:34,Payment related,N,N,,0 days,
ID2565,Dan,2021-02-14,Sunday,1900-01-01 14:21:07,Payment related,N,N,,0 days,
ID2574,Martha,2021-02-14,Sunday,1900-01-01 15:34:34,Admin Support,N,N,,0 days,
ID2579,Stewart,2021-02-14,Sunday,1900-01-01 16:37:55,Contract related,N,N,,0 days,
ID2602,Greg,2021-02-15,Monday,1900-01-01 10:01:55,Payment related,N,N,,0 days,
ID2613,Becky,2021-02-15,Monday,1900-01-01 11:48:29,Technical Support,N,N,,0 days,
ID2617,Dan,2021-02-15,Monday,1900-01-01 12:21:36,Contract related,N,N,,0 days,
ID2623,Jim,2021-02-15,Monday,1900-01-01 13:26:24,Contract related,N,N,,0 days,
ID2626,Stewart,2021-02-15,Monday,1900-01-01 13:39:22,Streaming,N,N,,0 days,
ID2628,Becky,2021-02-15,Monday,1900-01-01 13:42:14,Admin Support,N,N,,0 days,
ID2629,Greg,2021-02-15,Monday,1900-01-01 14:28:19,Technical Support,N,N,,0 days,
ID2635,Jim,2021-02-15,Monday,1900-01-01 14:51:22,Technical Support,N,N,,0 days,
ID2642,Becky,2021-02-15,Monday,1900-01-01 15:47:31,Streaming,N,N,,0 days,
ID2645,Becky,2021-02-15,Monday,1900-01-01 17:11:02,Payment related,N,N,,0 days,
ID2651,Dan,2021-02-15,Monday,1900-01-01 17:45:36,Admin Support,N,N,,0 days,
ID2652,Jim,2021-02-15,Monday,1900-01-01 17:45:36,Payment related,N,N,,0 days,
ID2667,Jim,2021-02-16,Tuesday,1900-01-01 11:18:14,Contract related,N,N,,0 days,
ID2673,Diane,2021-02-16,Tuesday,1900-01-01 12:50:24,Payment related,N,N,,0 days,
ID2686,Diane,2021-02-16,Tuesday,1900-01-01 15:20:10,Admin Support,N,N,,0 days,
ID2690,Dan,2021-02-16,Tuesday,1900-01-01 16:04:48,Admin Support,N,N,,0 days,
ID2695,Greg,2021-02-16,Tuesday,1900-01-01 16:29:17,Streaming,N,N,,0 days,
ID2697,Becky,2021-02-16,Tuesday,1900-01-01 16:32:10,Technical Support,N,N,,0 days,
ID2721,Stewart,2021-02-17,Wednesday,1900-01-01 10:03:22,Payment related,N,N,,0 days,
ID2723,Diane,2021-02-17,Wednesday,1900-01-01 10:36:29,Contract related,N,N,,0 days,
ID2727,Jim,2021-02-17,Wednesday,1900-01-01 11:24:00,Payment related,N,N,,0 days,
ID2736,Becky,2021-02-17,Wednesday,1900-01-01 12:05:46,Streaming,N,N,,0 days,
ID2741,Joe,2021-02-17,Wednesday,1900-01-01 12:17:17,Admin Support,N,N,,0 days,
ID2748,Stewart,2021-02-17,Wednesday,1900-01-01 13:36:29,Admin Support,N,N,,0 days,
ID2750,Stewart,2021-02-17,Wednesday,1900-01-01 14:19:41,Streaming,N,N,,0 days,
ID2760,Stewart,2021-02-17,Wednesday,1900-01-01 15:46:05,Technical Support,N,N,,0 days,
ID2761,Diane,2021-02-17,Wednesday,1900-01-01 16:06:14,Payment related,N,N,,0 days,
ID2766,Greg,2021-02-17,Wednesday,1900-01-01 16:27:50,Streaming,N,N,,0 days,
ID2770,Jim,2021-02-17,Wednesday,1900-01-01 17:11:02,Admin Support,N,N,,0 days,
ID2771,Martha,2021-02-17,Wednesday,1900-01-01 17:12:29,Technical Support,N,N,,0 days,
ID2773,Joe,2021-02-17,Wednesday,1900-01-01 17:44:10,Admin Support,N,N,,0 days,
ID2789,Joe,2021-02-18,Thursday,1900-01-01 10:37:55,Payment related,N,N,,0 days,
ID2791,Greg,2021-02-18,Thursday,1900-01-01 10:56:38,Admin Support,N,N,,0 days,
ID2797,Jim,2021-02-18,Thursday,1900-01-01 11:25:26,Payment related,N,N,,0 days,
ID2799,Stewart,2021-02-18,Thursday,1900-01-01 11:34:05,Technical Support,N,N,,0 days,
ID2801,Dan,2021-02-18,Thursday,1900-01-01 11:38:24,Streaming,N,N,,0 days,
ID2802,Dan,2021-02-18,Thursday,1900-01-01 11:38:24,Technical Support,N,N,,0 days,
ID2805,Stewart,2021-02-18,Thursday,1900-01-01 13:33:36,Admin Support,N,N,,0 days,
ID2806,Jim,2021-02-18,Thursday,1900-01-01 13:33:36,Streaming,N,N,,0 days,
ID2809,Martha,2021-02-18,Thursday,1900-01-01 13:45:07,Contract related,N,N,,0 days,
ID2813,Joe,2021-02-18,Thursday,1900-01-01 14:47:02,Technical Support,N,N,,0 days,
ID2815,Jim,2021-02-18,Thursday,1900-01-01 14:52:48,Payment related,N,N,,0 days,
ID2818,Jim,2021-02-18,Thursday,1900-01-01 15:15:50,Contract related,N,N,,0 days,
ID2819,Jim,2021-02-18,Thursday,1900-01-01 16:00:29,Payment related,N,N,,0 days,
ID2828,Joe,2021-02-19,Friday,1900-01-01 09:01:26,Payment related,N,N,,0 days,
ID2834,Stewart,2021-02-19,Friday,1900-01-01 09:25:55,Contract related,N,N,,0 days,
ID2835,Dan,2021-02-19,Friday,1900-01-01 10:46:34,Payment related,N,N,,0 days,
ID2836,Jim,2021-02-19,Friday,1900-01-01 10:46:34,Admin Support,N,N,,0 days,
ID2843,Diane,2021-02-19,Friday,1900-01-01 12:15:50,Admin Support,N,N,,0 days,
ID2844,Martha,2021-02-19,Friday,1900-01-01 12:15:50,Payment related,N,N,,0 days,
ID2854,Greg,2021-02-19,Friday,1900-01-01 14:26:53,Technical Support,N,N,,0 days,
ID2862,Becky,2021-02-19,Friday,1900-01-01 15:33:07,Contract related,N,N,,0 days,
ID2863,Diane,2021-02-19,Friday,1900-01-01 15:33:07,Payment related,N,N,,0 days,
ID2866,Dan,2021-02-19,Friday,1900-01-01 16:04:48,Technical Support,N,N,,0 days,
ID2871,Stewart,2021-02-19,Friday,1900-01-01 17:29:46,Contract related,N,N,,0 days,
ID2879,Joe,2021-02-20,Saturday,1900-01-01 10:01:55,Contract related,N,N,,0 days,
ID2883,Martha,2021-02-20,Saturday,1900-01-01 10:24:58,Contract related,N,N,,0 days,
ID2884,Joe,2021-02-20,Saturday,1900-01-01 10:24:58,Admin Support,N,N,,0 days,
ID2887,Jim,2021-02-20,Saturday,1900-01-01 11:00:58,Admin Support,N,N,,0 days,
ID2889,Martha,2021-02-20,Saturday,1900-01-01 11:11:02,Contract related,N,N,,0 days,
ID2902,Joe,2021-02-20,Saturday,1900-01-01 12:10:05,Contract related,N,N,,0 days,
ID2907,Greg,2021-02-20,Saturday,1900-01-01 12:51:50,Technical Support,N,N,,0 days,
ID2908,Becky,2021-02-20,Saturday,1900-01-01 12:51:50,Technical Support,N,N,,0 days,
ID2910,Greg,2021-02-20,Saturday,1900-01-01 13:35:02,Streaming,N,N,,0 days,
ID2912,Jim,2021-02-20,Saturday,1900-01-01 13:56:38,Streaming,N,N,,0 days,
ID2914,Diane,2021-02-20,Saturday,1900-01-01 14:13:55,Contract related,N,N,,0 days,
ID2918,Greg,2021-02-20,Saturday,1900-01-01 15:07:12,Admin Support,N,N,,0 days,
ID2925,Stewart,2021-02-20,Saturday,1900-01-01 15:53:17,Technical Support,N,N,,0 days,
ID2932,Joe,2021-02-20,Saturday,1900-01-01 16:14:53,Streaming,N,N,,0 days,
ID2938,Dan,2021-02-20,Saturday,1900-01-01 16:52:19,Admin Support,N,N,,0 days,
ID2940,Becky,2021-02-20,Saturday,1900-01-01 17:25:26,Contract related,N,N,,0 days,
ID2958,Becky,2021-02-21,Sunday,1900-01-01 11:42:43,Admin Support,N,N,,0 days,
ID2969,Greg,2021-02-21,Sunday,1900-01-01 13:35:02,Payment related,N,N,,0 days,
ID2975,Stewart,2021-02-21,Sunday,1900-01-01 14:29:46,Payment related,N,N,,0 days,
ID2977,Becky,2021-02-21,Sunday,1900-01-01 14:47:02,Contract related,N,N,,0 days,
ID2992,Becky,2021-02-21,Sunday,1900-01-01 17:19:41,Technical Support,N,N,,0 days,
ID2995,Jim,2021-02-21,Sunday,1900-01-01 17:49:55,Streaming,N,N,,0 days,
ID3000,Becky,2021-02-22,Monday,1900-01-01 09:44:38,Streaming,N,N,,0 days,
ID3004,Joe,2021-02-22,Monday,1900-01-01 11:13:55,Admin Support,N,N,,0 days,
ID3005,Jim,2021-02-22,Monday,1900-01-01 11:29:46,Streaming,N,N,,0 days,
ID3016,Martha,2021-02-22,Monday,1900-01-01 13:30:43,Payment related,N,N,,0 days,
ID3018,Jim,2021-02-22,Monday,1900-01-01 14:06:43,Technical Support,N,N,,0 days,
ID3019,Becky,2021-02-22,Monday,1900-01-01 14:32:38,Technical Support,N,N,,0 days,
ID3026,Dan,2021-02-22,Monday,1900-01-01 15:18:43,Technical Support,N,N,,0 days,
ID3040,Greg,2021-02-22,Monday,1900-01-01 16:55:12,Payment related,N,N,,0 days,
ID3041,Joe,2021-02-22,Monday,1900-01-01 17:03:50,Contract related,N,N,,0 days,
ID3042,Becky,2021-02-22,Monday,1900-01-01 17:03:50,Admin Support,N,N,,0 days,
ID3043,Dan,2021-02-22,Monday,1900-01-01 17:09:36,Contract related,N,N,,0 days,
ID3056,Martha,2021-02-23,Tuesday,1900-01-01 10:43:41,Contract related,N,N,,0 days,
ID3061,Becky,2021-02-23,Tuesday,1900-01-01 12:01:26,Payment related,N,N,,0 days,
ID3063,Martha,2021-02-23,Tuesday,1900-01-01 12:41:46,Contract related,N,N,,0 days,
ID3067,Stewart,2021-02-23,Tuesday,1900-01-01 13:26:24,Streaming,N,N,,0 days,
ID3068,Martha,2021-02-23,Tuesday,1900-01-01 13:26:24,Technical Support,N,N,,0 days,
ID3077,Martha,2021-02-23,Tuesday,1900-01-01 14:38:24,Technical Support,N,N,,0 days,
ID3082,Joe,2021-02-23,Tuesday,1900-01-01 14:54:14,Payment related,N,N,,0 days,
ID3084,Jim,2021-02-23,Tuesday,1900-01-01 15:21:36,Technical Support,N,N,,0 days,
ID3087,Jim,2021-02-23,Tuesday,1900-01-01 15:34:34,Admin Support,N,N,,0 days,
ID3091,Greg,2021-02-23,Tuesday,1900-01-01 16:40:48,Admin Support,N,N,,0 days,
ID3098,Martha,2021-02-23,Tuesday,1900-01-01 17:24:00,Admin Support,N,N,,0 days,
ID3105,Stewart,2021-02-24,Wednesday,1900-01-01 13:00:29,Admin Support,N,N,,0 days,
ID3106,Dan,2021-02-24,Wednesday,1900-01-01 13:00:29,Contract related,N,N,,0 days,
ID3120,Joe,2021-02-24,Wednesday,1900-01-01 14:41:17,Admin Support,N,N,,0 days,
ID3123,Diane,2021-02-24,Wednesday,1900-01-01 15:21:36,Payment related,N,N,,0 days,
ID3127,Diane,2021-02-24,Wednesday,1900-01-01 15:41:46,Technical Support,N,N,,0 days,
ID3129,Joe,2021-02-24,Wednesday,1900-01-01 16:07:41,Payment related,N,N,,0 days,
ID3139,Jim,2021-02-24,Wednesday,1900-01-01 17:13:55,Payment related,N,N,,0 days,
ID3142,Dan,2021-02-24,Wednesday,1900-01-01 17:16:48,Technical Support,N,N,,0 days,
ID3144,Dan,2021-02-24,Wednesday,1900-01-01 17:28:19,Technical Support,N,N,,0 days,
ID3146,Martha,2021-02-24,Wednesday,1900-01-01 17:36:58,Payment related,N,N,,0 days,
ID3161,Diane,2021-02-25,Thursday,1900-01-01 10:19:12,Admin Support,N,N,,0 days,
ID3167,Martha,2021-02-25,Thursday,1900-01-01 10:52:19,Streaming,N,N,,0 days,
ID3173,Diane,2021-02-25,Thursday,1900-01-01 11:42:43,Technical Support,N,N,,0 days,
ID3177,Martha,2021-02-25,Thursday,1900-01-01 12:04:19,Contract related,N,N,,0 days,
ID3180,Greg,2021-02-25,Thursday,1900-01-01 12:05:46,Streaming,N,N,,0 days,
ID3189,Diane,2021-02-25,Thursday,1900-01-01 14:11:02,Contract related,N,N,,0 days,
ID3196,Dan,2021-02-25,Thursday,1900-01-01 15:27:22,Admin Support,N,N,,0 days,
ID3200,Stewart,2021-02-25,Thursday,1900-01-01 15:41:46,Streaming,N,N,,0 days,
ID3210,Diane,2021-02-25,Thursday,1900-01-01 17:06:43,Payment related,N,N,,0 days,
ID3213,Becky,2021-02-25,Thursday,1900-01-01 17:24:00,Admin Support,N,N,,0 days,
ID3222,Jim,2021-02-26,Friday,1900-01-01 10:12:00,Admin Support,N,N,,0 days,
ID3224,Martha,2021-02-26,Friday,1900-01-01 10:24:58,Streaming,N,N,,0 days,
ID3229,Greg,2021-02-26,Friday,1900-01-01 11:36:58,Payment related,N,N,,0 days,
ID3232,Becky,2021-02-26,Friday,1900-01-01 11:44:10,Technical Support,N,N,,0 days,
ID3234,Greg,2021-02-26,Friday,1900-01-01 11:45:36,Payment related,N,N,,0 days,
ID3237,Becky,2021-02-26,Friday,1900-01-01 13:01:55,Admin Support,N,N,,0 days,
ID3246,Greg,2021-02-26,Friday,1900-01-01 14:54:14,Streaming,N,N,,0 days,
ID3248,Diane,2021-02-26,Friday,1900-01-01 15:01:26,Contract related,N,N,,0 days,
ID3252,Joe,2021-02-26,Friday,1900-01-01 15:41:46,Contract related,N,N,,0 days,
ID3253,Becky,2021-02-26,Friday,1900-01-01 16:04:48,Streaming,N,N,,0 days,
ID3256,Martha,2021-02-26,Friday,1900-01-01 16:29:17,Payment related,N,N,,0 days,
ID3258,Jim,2021-02-26,Friday,1900-01-01 16:49:26,Streaming,N,N,,0 days,
ID3259,Stewart,2021-02-26,Friday,1900-01-01 16:58:05,Streaming,N,N,,0 days,
ID3274,Martha,2021-02-27,Saturday,1900-01-01 09:11:31,Streaming,N,N,,0 days,
ID3276,Becky,2021-02-27,Saturday,1900-01-01 09:11:31,Contract related,N,N,,0 days,
ID3277,Greg,2021-02-27,Saturday,1900-01-01 09:46:05,Streaming,N,N,,0 days,
ID3279,Greg,2021-02-27,Saturday,1900-01-01 09:50:24,Streaming,N,N,,0 days,
ID3280,Diane,2021-02-27,Saturday,1900-01-01 09:50:24,Payment related,N,N,,0 days,
ID3282,Greg,2021-02-27,Saturday,1900-01-01 09:56:10,Admin Support,N,N,,0 days,
ID3292,Diane,2021-02-27,Saturday,1900-01-01 12:34:34,Contract related,N,N,,0 days,
ID3297,Martha,2021-02-27,Saturday,1900-01-01 13:07:41,Admin Support,N,N,,0 days,
ID3301,Jim,2021-02-27,Saturday,1900-01-01 14:11:02,Contract related,N,N,,0 days,
ID3315,Diane,2021-02-27,Saturday,1900-01-01 16:20:38,Admin Support,N,N,,0 days,
ID3326,Becky,2021-02-27,Saturday,1900-01-01 17:09:36,Payment related,N,N,,0 days,
ID3329,Stewart,2021-02-28,Sunday,1900-01-01 09:14:24,Contract related,N,N,,0 days,
ID3331,Diane,2021-02-28,Sunday,1900-01-01 09:15:50,Contract related,N,N,,0 days,
ID3332,Joe,2021-02-28,Sunday,1900-01-01 09:15:50,Admin Support,N,N,,0 days,
ID3334,Jim,2021-02-28,Sunday,1900-01-01 09:30:14,Streaming,N,N,,0 days,
ID3336,Dan,2021-02-28,Sunday,1900-01-01 10:07:41,Payment related,N,N,,0 days,
ID3357,Greg,2021-02-28,Sunday,1900-01-01 12:40:19,Admin Support,N,N,,0 days,
ID3363,Becky,2021-02-28,Sunday,1900-01-01 13:20:38,Contract related,N,N,,0 days,
ID3366,Jim,2021-02-28,Sunday,1900-01-01 13:23:31,Admin Support,N,N,,0 days,
ID3367,Diane,2021-02-28,Sunday,1900-01-01 13:40:48,Contract related,N,N,,0 days,
ID3370,Jim,2021-02-28,Sunday,1900-01-01 14:03:50,Contract related,N,N,,0 days,
ID3375,Martha,2021-02-28,Sunday,1900-01-01 15:21:36,Admin Support,N,N,,0 days,
ID3377,Joe,2021-02-28,Sunday,1900-01-01 15:25:55,Technical Support,N,N,,0 days,
ID3394,Martha,2021-03-01,Monday,1900-01-01 09:33:07,Admin Support,N,N,,0 days,
ID3395,Diane,2021-03-01,Monday,1900-01-01 09:57:36,Technical Support,N,N,,0 days,
ID3398,Diane,2021-03-01,Monday,1900-01-01 10:01:55,Admin Support,N,N,,0 days,
ID3399,Becky,2021-03-01,Monday,1900-01-01 10:33:36,Contract related,N,N,,0 days,
ID3401,Greg,2021-03-01,Monday,1900-01-01 11:13:55,Technical Support,N,N,,0 days,
ID3406,Jim,2021-03-01,Monday,1900-01-01 12:36:00,Technical Support,N,N,,0 days,
ID3420,Stewart,2021-03-01,Monday,1900-01-01 13:20:38,Technical Support,N,N,,0 days,
ID3427,Joe,2021-03-01,Monday,1900-01-01 14:12:29,Contract related,N,N,,0 days,
ID3435,Jim,2021-03-01,Monday,1900-01-01 14:55:41,Admin Support,N,N,,0 days,
ID3436,Dan,2021-03-01,Monday,1900-01-01 14:55:41,Payment related,N,N,,0 days,
ID3443,Becky,2021-03-01,Monday,1900-01-01 16:48:00,Contract related,N,N,,0 days,
ID3447,Becky,2021-03-01,Monday,1900-01-01 17:16:48,Contract related,N,N,,0 days,
ID3457,Martha,2021-03-02,Tuesday,1900-01-01 10:09:07,Technical Support,N,N,,0 days,
ID3459,Dan,2021-03-02,Tuesday,1900-01-01 10:23:31,Payment related,N,N,,0 days,
ID3467,Jim,2021-03-02,Tuesday,1900-01-01 11:08:10,Streaming,N,N,,0 days,
ID3469,Joe,2021-03-02,Tuesday,1900-01-01 11:32:38,Streaming,N,N,,0 days,
ID3471,Greg,2021-03-02,Tuesday,1900-01-01 11:57:07,Technical Support,N,N,,0 days,
ID3478,Greg,2021-03-02,Tuesday,1900-01-01 13:07:41,Payment related,N,N,,0 days,
ID3480,Stewart,2021-03-02,Tuesday,1900-01-01 13:23:31,Admin Support,N,N,,0 days,
ID3483,Joe,2021-03-02,Tuesday,1900-01-01 14:06:43,Streaming,N,N,,0 days,
ID3486,Greg,2021-03-02,Tuesday,1900-01-01 14:34:05,Admin Support,N,N,,0 days,
ID3498,Jim,2021-03-02,Tuesday,1900-01-01 16:26:24,Contract related,N,N,,0 days,
ID3504,Dan,2021-03-02,Tuesday,1900-01-01 16:42:14,Contract related,N,N,,0 days,
ID3505,Diane,2021-03-02,Tuesday,1900-01-01 16:45:07,Contract related,N,N,,0 days,
ID3512,Jim,2021-03-02,Tuesday,1900-01-01 17:18:14,Contract related,N,N,,0 days,
ID3515,Greg,2021-03-03,Wednesday,1900-01-01 09:20:10,Technical Support,N,N,,0 days,
ID3516,Diane,2021-03-03,Wednesday,1900-01-01 09:20:10,Streaming,N,N,,0 days,
ID3517,Joe,2021-03-03,Wednesday,1900-01-01 09:40:19,Contract related,N,N,,0 days,
ID3532,Stewart,2021-03-03,Wednesday,1900-01-01 13:12:00,Payment related,N,N,,0 days,
ID3540,Dan,2021-03-03,Wednesday,1900-01-01 14:51:22,Admin Support,N,N,,0 days,
ID3541,Becky,2021-03-03,Wednesday,1900-01-01 15:25:55,Payment related,N,N,,0 days,
ID3543,Joe,2021-03-03,Wednesday,1900-01-01 15:27:22,Payment related,N,N,,0 days,
ID3556,Diane,2021-03-03,Wednesday,1900-01-01 15:57:36,Contract related,N,N,,0 days,
ID3558,Diane,2021-03-03,Wednesday,1900-01-01 16:06:14,Admin Support,N,N,,0 days,
ID3569,Diane,2021-03-04,Thursday,1900-01-01 09:43:12,Technical Support,N,N,,0 days,
ID3575,Dan,2021-03-04,Thursday,1900-01-01 09:54:43,Admin Support,N,N,,0 days,
ID3576,Joe,2021-03-04,Thursday,1900-01-01 09:54:43,Payment related,N,N,,0 days,
ID3582,Greg,2021-03-04,Thursday,1900-01-01 10:30:43,Admin Support,N,N,,0 days,
ID3584,Martha,2021-03-04,Thursday,1900-01-01 10:43:41,Streaming,N,N,,0 days,
ID3586,Joe,2021-03-04,Thursday,1900-01-01 10:59:31,Admin Support,N,N,,0 days,
ID3589,Becky,2021-03-04,Thursday,1900-01-01 11:11:02,Admin Support,N,N,,0 days,
ID3603,Greg,2021-03-04,Thursday,1900-01-01 13:36:29,Streaming,N,N,,0 days,
ID3609,Dan,2021-03-04,Thursday,1900-01-01 14:49:55,Technical Support,N,N,,0 days,
ID3625,Dan,2021-03-04,Thursday,1900-01-01 16:36:29,Contract related,N,N,,0 days,
ID3632,Stewart,2021-03-04,Thursday,1900-01-01 17:22:34,Technical Support,N,N,,0 days,
ID3649,Diane,2021-03-05,Friday,1900-01-01 12:11:31,Payment related,N,N,,0 days,
ID3658,Jim,2021-03-05,Friday,1900-01-01 12:50:24,Admin Support,N,N,,0 days,
ID3668,Becky,2021-03-05,Friday,1900-01-01 15:15:50,Streaming,N,N,,0 days,
ID3670,Stewart,2021-03-05,Friday,1900-01-01 15:51:50,Payment related,N,N,,0 days,
ID3680,Joe,2021-03-05,Friday,1900-01-01 16:20:38,Technical Support,N,N,,0 days,
ID3687,Jim,2021-03-05,Friday,1900-01-01 17:34:05,Streaming,N,N,,0 days,
ID3690,Stewart,2021-03-05,Friday,1900-01-01 17:52:48,Streaming,N,N,,0 days,
ID3698,Martha,2021-03-06,Saturday,1900-01-01 10:17:46,Payment related,N,N,,0 days,
ID3704,Joe,2021-03-06,Saturday,1900-01-01 10:45:07,Admin Support,N,N,,0 days,
ID3708,Joe,2021-03-06,Saturday,1900-01-01 11:21:07,Contract related,N,N,,0 days,
ID3712,Joe,2021-03-06,Saturday,1900-01-01 11:28:19,Streaming,N,N,,0 days,
ID3716,Martha,2021-03-06,Saturday,1900-01-01 12:18:43,Payment related,N,N,,0 days,
ID3718,Greg,2021-03-06,Saturday,1900-01-01 12:46:05,Contract related,N,N,,0 days,
ID3723,Greg,2021-03-06,Saturday,1900-01-01 13:42:14,Contract related,N,N,,0 days,
ID3725,Jim,2021-03-06,Saturday,1900-01-01 13:46:34,Technical Support,N,N,,0 days,
ID3730,Greg,2021-03-06,Saturday,1900-01-01 14:25:26,Admin Support,N,N,,0 days,
ID3731,Becky,2021-03-06,Saturday,1900-01-01 14:28:19,Streaming,N,N,,0 days,
ID3739,Diane,2021-03-06,Saturday,1900-01-01 16:35:02,Contract related,N,N,,0 days,
ID3745,Greg,2021-03-06,Saturday,1900-01-01 17:15:22,Admin Support,N,N,,0 days,
ID3749,Diane,2021-03-06,Saturday,1900-01-01 17:22:34,Technical Support,N,N,,0 days,
ID3750,Greg,2021-03-06,Saturday,1900-01-01 17:22:34,Payment related,N,N,,0 days,
ID3754,Jim,2021-03-07,Sunday,1900-01-01 09:59:02,Payment related,N,N,,0 days,
ID3757,Martha,2021-03-07,Sunday,1900-01-01 10:58:05,Technical Support,N,N,,0 days,
ID3758,Joe,2021-03-07,Sunday,1900-01-01 10:58:05,Admin Support,N,N,,0 days,
ID3760,Dan,2021-03-07,Sunday,1900-01-01 12:01:26,Admin Support,N,N,,0 days,
ID3763,Diane,2021-03-07,Sunday,1900-01-01 12:21:36,Contract related,N,N,,0 days,
ID3768,Greg,2021-03-07,Sunday,1900-01-01 13:06:14,Streaming,N,N,,0 days,
ID3771,Becky,2021-03-07,Sunday,1900-01-01 13:40:48,Payment related,N,N,,0 days,
ID3775,Greg,2021-03-07,Sunday,1900-01-01 13:52:19,Admin Support,N,N,,0 days,
ID3778,Joe,2021-03-07,Sunday,1900-01-01 13:53:46,Technical Support,N,N,,0 days,
ID3786,Martha,2021-03-07,Sunday,1900-01-01 15:30:14,Technical Support,N,N,,0 days,
ID3789,Diane,2021-03-07,Sunday,1900-01-01 15:59:02,Contract related,N,N,,0 days,
ID3790,Jim,2021-03-07,Sunday,1900-01-01 15:59:02,Admin Support,N,N,,0 days,
ID3791,Dan,2021-03-07,Sunday,1900-01-01 16:24:58,Admin Support,N,N,,0 days,
ID3793,Diane,2021-03-07,Sunday,1900-01-01 16:43:41,Technical Support,N,N,,0 days,
ID3799,Stewart,2021-03-07,Sunday,1900-01-01 17:15:22,Streaming,N,N,,0 days,
ID3800,Dan,2021-03-07,Sunday,1900-01-01 17:15:22,Technical Support,N,N,,0 days,
ID3812,Greg,2021-03-08,Monday,1900-01-01 11:19:41,Admin Support,N,N,,0 days,
ID3819,Dan,2021-03-08,Monday,1900-01-01 13:07:41,Technical Support,N,N,,0 days,
ID3826,Stewart,2021-03-08,Monday,1900-01-01 13:46:34,Admin Support,N,N,,0 days,
ID3831,Diane,2021-03-08,Monday,1900-01-01 14:35:31,Streaming,N,N,,0 days,
ID3832,Greg,2021-03-08,Monday,1900-01-01 14:35:31,Technical Support,N,N,,0 days,
ID3859,Dan,2021-03-09,Tuesday,1900-01-01 09:40:19,Contract related,N,N,,0 days,
ID3872,Diane,2021-03-09,Tuesday,1900-01-01 11:03:50,Payment related,N,N,,0 days,
ID3877,Diane,2021-03-09,Tuesday,1900-01-01 13:22:05,Contract related,N,N,,0 days,
ID3881,Diane,2021-03-09,Tuesday,1900-01-01 13:45:07,Admin Support,N,N,,0 days,
ID3884,Diane,2021-03-09,Tuesday,1900-01-01 15:21:36,Payment related,N,N,,0 days,
ID3898,Joe,2021-03-09,Tuesday,1900-01-01 16:52:19,Admin Support,N,N,,0 days,
ID3902,Becky,2021-03-09,Tuesday,1900-01-01 17:06:43,Admin Support,N,N,,0 days,
ID3904,Martha,2021-03-10,Wednesday,1900-01-01 09:12:58,Payment related,N,N,,0 days,
ID3906,Greg,2021-03-10,Wednesday,1900-01-01 09:18:43,Technical Support,N,N,,0 days,
ID3908,Jim,2021-03-10,Wednesday,1900-01-01 09:51:50,Technical Support,N,N,,0 days,
ID3913,Joe,2021-03-10,Wednesday,1900-01-01 10:22:05,Payment related,N,N,,0 days,
ID3914,Greg,2021-03-10,Wednesday,1900-01-01 10:22:05,Contract related,N,N,,0 days,
ID3915,Greg,2021-03-10,Wednesday,1900-01-01 10:26:24,Streaming,N,N,,0 days,
ID3919,Jim,2021-03-10,Wednesday,1900-01-01 12:48:58,Payment related,N,N,,0 days,
ID3923,Greg,2021-03-10,Wednesday,1900-01-01 13:32:10,Contract related,N,N,,0 days,
ID3926,Diane,2021-03-10,Wednesday,1900-01-01 13:42:14,Contract related,N,N,,0 days,
ID3930,Martha,2021-03-10,Wednesday,1900-01-01 13:48:00,Technical Support,N,N,,0 days,
ID3937,Stewart,2021-03-10,Wednesday,1900-01-01 15:24:29,Contract related,N,N,,0 days,
ID3939,Stewart,2021-03-10,Wednesday,1900-01-01 16:00:29,Streaming,N,N,,0 days,
ID3949,Stewart,2021-03-11,Thursday,1900-01-01 09:10:05,Technical Support,N,N,,0 days,
ID3951,Joe,2021-03-11,Thursday,1900-01-01 09:38:53,Streaming,N,N,,0 days,
ID3955,Dan,2021-03-11,Thursday,1900-01-01 09:57:36,Streaming,N,N,,0 days,
ID3960,Jim,2021-03-11,Thursday,1900-01-01 10:09:07,Admin Support,N,N,,0 days,
ID3964,Greg,2021-03-11,Thursday,1900-01-01 10:30:43,Payment related,N,N,,0 days,
ID3972,Diane,2021-03-11,Thursday,1900-01-01 11:26:53,Technical Support,N,N,,0 days,
ID3978,Jim,2021-03-11,Thursday,1900-01-01 12:20:10,Streaming,N,N,,0 days,
ID3983,Jim,2021-03-11,Thursday,1900-01-01 12:38:53,Streaming,N,N,,0 days,
ID3987,Greg,2021-03-11,Thursday,1900-01-01 12:57:36,Streaming,N,N,,0 days,
ID3988,Becky,2021-03-11,Thursday,1900-01-01 12:57:36,Admin Support,N,N,,0 days,
ID3993,Diane,2021-03-11,Thursday,1900-01-01 13:50:53,Payment related,N,N,,0 days,
ID4011,Stewart,2021-03-11,Thursday,1900-01-01 15:59:02,Contract related,N,N,,0 days,
ID4019,Jim,2021-03-11,Thursday,1900-01-01 17:39:50,Contract related,N,N,,0 days,
ID4021,Joe,2021-03-11,Thursday,1900-01-01 17:39:50,Payment related,N,N,,0 days,
ID4034,Greg,2021-03-12,Friday,1900-01-01 10:09:07,Payment related,N,N,,0 days,
ID4036,Joe,2021-03-12,Friday,1900-01-01 10:12:00,Streaming,N,N,,0 days,
ID4037,Diane,2021-03-12,Friday,1900-01-01 10:22:05,Admin Support,N,N,,0 days,
ID4048,Becky,2021-03-12,Friday,1900-01-01 12:01:26,Payment related,N,N,,0 days,
ID4052,Greg,2021-03-12,Friday,1900-01-01 13:29:17,Technical Support,N,N,,0 days,
ID4058,Diane,2021-03-12,Friday,1900-01-01 14:31:12,Admin Support,N,N,,0 days,
ID4073,Diane,2021-03-13,Saturday,1900-01-01 09:02:53,Admin Support,N,N,,0 days,
ID4074,Martha,2021-03-13,Saturday,1900-01-01 09:02:53,Admin Support,N,N,,0 days,
ID4079,Joe,2021-03-13,Saturday,1900-01-01 10:49:26,Admin Support,N,N,,0 days,
ID4086,Martha,2021-03-13,Saturday,1900-01-01 11:38:24,Streaming,N,N,,0 days,
ID4092,Stewart,2021-03-13,Saturday,1900-01-01 14:13:55,Technical Support,N,N,,0 days,
ID4094,Joe,2021-03-13,Saturday,1900-01-01 14:18:14,Streaming,N,N,,0 days,
ID4113,Martha,2021-03-13,Saturday,1900-01-01 16:53:46,Technical Support,N,N,,0 days,
ID4118,Jim,2021-03-13,Saturday,1900-01-01 17:24:00,Technical Support,N,N,,0 days,
ID4120,Joe,2021-03-13,Saturday,1900-01-01 17:44:10,Contract related,N,N,,0 days,
ID4124,Joe,2021-03-14,Sunday,1900-01-01 09:20:10,Admin Support,N,N,,0 days,
ID4138,Jim,2021-03-14,Sunday,1900-01-01 11:36:58,Payment related,N,N,,0 days,
ID4145,Dan,2021-03-14,Sunday,1900-01-01 13:16:19,Technical Support,N,N,,0 days,
ID4148,Becky,2021-03-14,Sunday,1900-01-01 13:24:58,Technical Support,N,N,,0 days,
ID4150,Jim,2021-03-14,Sunday,1900-01-01 13:40:48,Streaming,N,N,,0 days,
ID4151,Diane,2021-03-14,Sunday,1900-01-01 13:46:34,Contract related,N,N,,0 days,
ID4156,Dan,2021-03-14,Sunday,1900-01-01 14:25:26,Admin Support,N,N,,0 days,
ID4157,Becky,2021-03-14,Sunday,1900-01-01 14:39:50,Admin Support,N,N,,0 days,
ID4165,Greg,2021-03-14,Sunday,1900-01-01 16:36:29,Contract related,N,N,,0 days,
ID4169,Joe,2021-03-14,Sunday,1900-01-01 17:57:07,Admin Support,N,N,,0 days,
ID4170,Dan,2021-03-14,Sunday,1900-01-01 17:57:07,Streaming,N,N,,0 days,
ID4171,Dan,2021-03-15,Monday,1900-01-01 09:08:38,Admin Support,N,N,,0 days,
ID4186,Becky,2021-03-15,Monday,1900-01-01 11:09:36,Streaming,N,N,,0 days,
ID4187,Jim,2021-03-15,Monday,1900-01-01 11:58:34,Contract related,N,N,,0 days,
ID4190,Jim,2021-03-15,Monday,1900-01-01 12:10:05,Payment related,N,N,,0 days,
ID4193,Becky,2021-03-15,Monday,1900-01-01 13:07:41,Contract related,N,N,,0 days,
ID4198,Stewart,2021-03-15,Monday,1900-01-01 13:52:19,Payment related,N,N,,0 days,
ID4210,Jim,2021-03-15,Monday,1900-01-01 17:05:17,Technical Support,N,N,,0 days,
ID4211,Greg,2021-03-15,Monday,1900-01-01 17:11:02,Payment related,N,N,,0 days,
ID4220,Jim,2021-03-15,Monday,1900-01-01 17:47:02,Technical Support,N,N,,0 days,
ID4229,Martha,2021-03-16,Tuesday,1900-01-01 10:23:31,Contract related,N,N,,0 days,
ID4231,Dan,2021-03-16,Tuesday,1900-01-01 10:23:31,Admin Support,N,N,,0 days,
ID4232,Joe,2021-03-16,Tuesday,1900-01-01 10:23:31,Streaming,N,N,,0 days,
ID4233,Martha,2021-03-16,Tuesday,1900-01-01 10:35:02,Streaming,N,N,,0 days,
ID4235,Becky,2021-03-16,Tuesday,1900-01-01 11:12:29,Technical Support,N,N,,0 days,
ID4236,Dan,2021-03-16,Tuesday,1900-01-01 11:12:29,Streaming,N,N,,0 days,
ID4246,Joe,2021-03-16,Tuesday,1900-01-01 13:04:48,Streaming,N,N,,0 days,
ID4251,Martha,2021-03-16,Tuesday,1900-01-01 13:32:10,Contract related,N,N,,0 days,
ID4253,Greg,2021-03-16,Tuesday,1900-01-01 13:56:38,Technical Support,N,N,,0 days,
ID4268,Martha,2021-03-16,Tuesday,1900-01-01 15:40:19,Contract related,N,N,,0 days,
ID4271,Diane,2021-03-16,Tuesday,1900-01-01 16:00:29,Payment related,N,N,,0 days,
ID4280,Jim,2021-03-16,Tuesday,1900-01-01 17:49:55,Contract related,N,N,,0 days,
ID4288,Martha,2021-03-17,Wednesday,1900-01-01 11:25:26,Technical Support,N,N,,0 days,
ID4292,Dan,2021-03-17,Wednesday,1900-01-01 12:43:12,Admin Support,N,N,,0 days,
ID4295,Joe,2021-03-17,Wednesday,1900-01-01 13:24:58,Streaming,N,N,,0 days,
ID4299,Becky,2021-03-17,Wednesday,1900-01-01 14:00:58,Payment related,N,N,,0 days,
ID4300,Martha,2021-03-17,Wednesday,1900-01-01 14:00:58,Technical Support,N,N,,0 days,
ID4303,Martha,2021-03-17,Wednesday,1900-01-01 14:21:07,Streaming,N,N,,0 days,
ID4310,Dan,2021-03-17,Wednesday,1900-01-01 16:20:38,Streaming,N,N,,0 days,
ID4313,Joe,2021-03-17,Wednesday,1900-01-01 16:42:14,Contract related,N,N,,0 days,
ID4317,Jim,2021-03-17,Wednesday,1900-01-01 16:52:19,Technical Support,N,N,,0 days,
ID4318,Greg,2021-03-17,Wednesday,1900-01-01 16:52:19,Admin Support,N,N,,0 days,
ID4325,Stewart,2021-03-17,Wednesday,1900-01-01 17:26:53,Admin Support,N,N,,0 days,
ID4330,Greg,2021-03-17,Wednesday,1900-01-01 18:00:00,Contract related,N,N,,0 days,
ID4333,Joe,2021-03-18,Thursday,1900-01-01 09:21:36,Contract related,N,N,,0 days,
ID4339,Dan,2021-03-18,Thursday,1900-01-01 11:38:24,Contract related,N,N,,0 days,
ID4341,Stewart,2021-03-18,Thursday,1900-01-01 12:02:53,Payment related,N,N,,0 days,
ID4354,Jim,2021-03-18,Thursday,1900-01-01 14:25:26,Contract related,N,N,,0 days,
ID4355,Dan,2021-03-18,Thursday,1900-01-01 14:41:17,Admin Support,N,N,,0 days,
ID4368,Jim,2021-03-18,Thursday,1900-01-01 16:30:43,Payment related,N,N,,0 days,
ID4370,Greg,2021-03-18,Thursday,1900-01-01 16:58:05,Payment related,N,N,,0 days,
ID4374,Greg,2021-03-18,Thursday,1900-01-01 17:22:34,Contract related,N,N,,0 days,
ID4381,Jim,2021-03-19,Friday,1900-01-01 09:47:31,Contract related,N,N,,0 days,
ID4385,Becky,2021-03-19,Friday,1900-01-01 10:14:53,Payment related,N,N,,0 days,
ID4388,Becky,2021-03-19,Friday,1900-01-01 11:12:29,Payment related,N,N,,0 days,
ID4390,Stewart,2021-03-19,Friday,1900-01-01 11:13:55,Payment related,N,N,,0 days,
ID4397,Jim,2021-03-19,Friday,1900-01-01 12:59:02,Payment related,N,N,,0 days,
ID4398,Martha,2021-03-19,Friday,1900-01-01 12:59:02,Streaming,N,N,,0 days,
ID4404,Joe,2021-03-19,Friday,1900-01-01 13:55:12,Contract related,N,N,,0 days,
ID4405,Joe,2021-03-19,Friday,1900-01-01 14:18:14,Admin Support,N,N,,0 days,
ID4408,Diane,2021-03-19,Friday,1900-01-01 15:21:36,Payment related,N,N,,0 days,
ID4417,Stewart,2021-03-19,Friday,1900-01-01 16:33:36,Payment related,N,N,,0 days,
ID4421,Stewart,2021-03-20,Saturday,1900-01-01 09:05:46,Admin Support,N,N,,0 days,
ID4426,Stewart,2021-03-20,Saturday,1900-01-01 10:17:46,Streaming,N,N,,0 days,
ID4429,Diane,2021-03-20,Saturday,1900-01-01 10:42:14,Contract related,N,N,,0 days,
ID4431,Dan,2021-03-20,Saturday,1900-01-01 11:12:29,Payment related,N,N,,0 days,
ID4437,Becky,2021-03-20,Saturday,1900-01-01 11:55:41,Contract related,N,N,,0 days,
ID4438,Diane,2021-03-20,Saturday,1900-01-01 11:55:41,Contract related,N,N,,0 days,
ID4441,Jim,2021-03-20,Saturday,1900-01-01 12:24:29,Streaming,N,N,,0 days,
ID4453,Diane,2021-03-20,Saturday,1900-01-01 15:23:02,Payment related,N,N,,0 days,
ID4454,Joe,2021-03-20,Saturday,1900-01-01 15:23:02,Technical Support,N,N,,0 days,
ID4458,Becky,2021-03-20,Saturday,1900-01-01 15:43:12,Technical Support,N,N,,0 days,
ID4462,Joe,2021-03-20,Saturday,1900-01-01 15:44:38,Payment related,N,N,,0 days,
ID4467,Martha,2021-03-20,Saturday,1900-01-01 16:50:53,Streaming,N,N,,0 days,
ID4471,Martha,2021-03-20,Saturday,1900-01-01 17:44:10,Streaming,N,N,,0 days,
ID4478,Diane,2021-03-21,Sunday,1900-01-01 09:01:26,Admin Support,N,N,,0 days,
ID4488,Greg,2021-03-21,Sunday,1900-01-01 10:43:41,Contract related,N,N,,0 days,
ID4491,Dan,2021-03-21,Sunday,1900-01-01 11:31:12,Payment related,N,N,,0 days,
ID4496,Greg,2021-03-21,Sunday,1900-01-01 11:55:41,Technical Support,N,N,,0 days,
ID4497,Diane,2021-03-21,Sunday,1900-01-01 12:00:00,Payment related,N,N,,0 days,
ID4498,Diane,2021-03-21,Sunday,1900-01-01 12:00:00,Technical Support,N,N,,0 days,
ID4500,Joe,2021-03-21,Sunday,1900-01-01 12:18:43,Admin Support,N,N,,0 days,
ID4501,Stewart,2021-03-21,Sunday,1900-01-01 12:53:17,Payment related,N,N,,0 days,
ID4509,Stewart,2021-03-21,Sunday,1900-01-01 13:49:26,Payment related,N,N,,0 days,
ID4510,Diane,2021-03-21,Sunday,1900-01-01 13:49:26,Admin Support,N,N,,0 days,
ID4529,Greg,2021-03-21,Sunday,1900-01-01 16:12:00,Technical Support,N,N,,0 days,
ID4533,Becky,2021-03-21,Sunday,1900-01-01 17:26:53,Admin Support,N,N,,0 days,
ID4536,Becky,2021-03-21,Sunday,1900-01-01 17:32:38,Payment related,N,N,,0 days,
ID4539,Diane,2021-03-22,Monday,1900-01-01 09:44:38,Payment related,N,N,,0 days,
ID4544,Diane,2021-03-22,Monday,1900-01-01 10:03:22,Contract related,N,N,,0 days,
ID4556,Jim,2021-03-22,Monday,1900-01-01 12:07:12,Technical Support,N,N,,0 days,
ID4559,Diane,2021-03-22,Monday,1900-01-01 13:26:24,Admin Support,N,N,,0 days,
ID4563,Diane,2021-03-22,Monday,1900-01-01 13:32:10,Contract related,N,N,,0 days,
ID4564,Diane,2021-03-22,Monday,1900-01-01 13:32:10,Streaming,N,N,,0 days,
ID4571,Becky,2021-03-22,Monday,1900-01-01 14:51:22,Technical Support,N,N,,0 days,
ID4572,Diane,2021-03-22,Monday,1900-01-01 14:51:22,Contract related,N,N,,0 days,
ID4585,Greg,2021-03-22,Monday,1900-01-01 16:49:26,Contract related,N,N,,0 days,
ID4588,Dan,2021-03-22,Monday,1900-01-01 17:39:50,Payment related,N,N,,0 days,
ID4602,Greg,2021-03-23,Tuesday,1900-01-01 12:27:22,Technical Support,N,N,,0 days,
ID4603,Martha,2021-03-23,Tuesday,1900-01-01 12:38:53,Streaming,N,N,,0 days,
ID4611,Martha,2021-03-23,Tuesday,1900-01-01 14:26:53,Streaming,N,N,,0 days,
ID4620,Diane,2021-03-23,Tuesday,1900-01-01 16:20:38,Streaming,N,N,,0 days,
ID4622,Greg,2021-03-23,Tuesday,1900-01-01 16:24:58,Streaming,N,N,,0 days,
ID4630,Joe,2021-03-23,Tuesday,1900-01-01 16:48:00,Payment related,N,N,,0 days,
ID4635,Joe,2021-03-23,Tuesday,1900-01-01 17:39:50,Payment related,N,N,,0 days,
ID4643,Greg,2021-03-24,Wednesday,1900-01-01 09:37:26,Admin Support,N,N,,0 days,
ID4644,Greg,2021-03-24,Wednesday,1900-01-01 09:37:26,Technical Support,N,N,,0 days,
ID4647,Dan,2021-03-24,Wednesday,1900-01-01 09:50:24,Technical Support,N,N,,0 days,
ID4649,Dan,2021-03-24,Wednesday,1900-01-01 09:59:02,Payment related,N,N,,0 days,
ID4657,Diane,2021-03-24,Wednesday,1900-01-01 11:08:10,Technical Support,N,N,,0 days,
ID4658,Joe,2021-03-24,Wednesday,1900-01-01 11:08:10,Admin Support,N,N,,0 days,
ID4664,Jim,2021-03-24,Wednesday,1900-01-01 12:18:43,Admin Support,N,N,,0 days,
ID4673,Stewart,2021-03-24,Wednesday,1900-01-01 14:39:50,Payment related,N,N,,0 days,
ID4681,Diane,2021-03-24,Wednesday,1900-01-01 15:46:05,Contract related,N,N,,0 days,
ID4693,Greg,2021-03-25,Thursday,1900-01-01 09:01:26,Payment related,N,N,,0 days,
ID4701,Jim,2021-03-25,Thursday,1900-01-01 10:27:50,Streaming,N,N,,0 days,
ID4706,Greg,2021-03-25,Thursday,1900-01-01 10:53:46,Payment related,N,N,,0 days,
ID4707,Greg,2021-03-25,Thursday,1900-01-01 11:00:58,Technical Support,N,N,,0 days,
ID4708,Martha,2021-03-25,Thursday,1900-01-01 11:00:58,Payment related,N,N,,0 days,
ID4713,Joe,2021-03-25,Thursday,1900-01-01 13:40:48,Admin Support,N,N,,0 days,
ID4719,Greg,2021-03-25,Thursday,1900-01-01 15:01:26,Admin Support,N,N,,0 days,
ID4726,Stewart,2021-03-25,Thursday,1900-01-01 15:50:24,Contract related,N,N,,0 days,
ID4735,Becky,2021-03-25,Thursday,1900-01-01 17:35:31,Contract related,N,N,,0 days,
ID4742,Joe,2021-03-26,Friday,1900-01-01 09:24:29,Streaming,N,N,,0 days,
ID4744,Martha,2021-03-26,Friday,1900-01-01 09:34:34,Streaming,N,N,,0 days,
ID4747,Diane,2021-03-26,Friday,1900-01-01 10:06:14,Technical Support,N,N,,0 days,
ID4762,Diane,2021-03-26,Friday,1900-01-01 12:24:29,Admin Support,N,N,,0 days,
ID4764,Stewart,2021-03-26,Friday,1900-01-01 12:46:05,Streaming,N,N,,0 days,
ID4774,Becky,2021-03-26,Friday,1900-01-01 14:38:24,Admin Support,N,N,,0 days,
ID4778,Joe,2021-03-26,Friday,1900-01-01 15:20:10,Technical Support,N,N,,0 days,
ID4786,Diane,2021-03-26,Friday,1900-01-01 16:52:19,Contract related,N,N,,0 days,
ID4795,Greg,2021-03-27,Saturday,1900-01-01 11:03:50,Technical Support,N,N,,0 days,
ID4796,Martha,2021-03-27,Saturday,1900-01-01 11:03:50,Contract related,N,N,,0 days,
ID4797,Jim,2021-03-27,Saturday,1900-01-01 11:09:36,Technical Support,N,N,,0 days,
ID4805,Greg,2021-03-27,Saturday,1900-01-01 12:23:02,Streaming,N,N,,0 days,
ID4808,Becky,2021-03-27,Saturday,1900-01-01 12:25:55,Payment related,N,N,,0 days,
ID4814,Joe,2021-03-27,Saturday,1900-01-01 13:30:43,Payment related,N,N,,0 days,
ID4817,Greg,2021-03-27,Saturday,1900-01-01 14:19:41,Payment related,N,N,,0 days,
ID4822,Martha,2021-03-27,Saturday,1900-01-01 15:17:17,Streaming,N,N,,0 days,
ID4823,Becky,2021-03-27,Saturday,1900-01-01 15:21:36,Contract related,N,N,,0 days,
ID4829,Diane,2021-03-27,Saturday,1900-01-01 15:43:12,Technical Support,N,N,,0 days,
ID4843,Jim,2021-03-27,Saturday,1900-01-01 16:50:53,Admin Support,N,N,,0 days,
ID4846,Stewart,2021-03-27,Saturday,1900-01-01 16:58:05,Contract related,N,N,,0 days,
ID4856,Martha,2021-03-28,Sunday,1900-01-01 10:26:24,Technical Support,N,N,,0 days,
ID4858,Becky,2021-03-28,Sunday,1900-01-01 11:03:50,Payment related,N,N,,0 days,
ID4860,Stewart,2021-03-28,Sunday,1900-01-01 11:28:19,Technical Support,N,N,,0 days,
ID4870,Joe,2021-03-28,Sunday,1900-01-01 13:37:55,Admin Support,N,N,,0 days,
ID4875,Diane,2021-03-28,Sunday,1900-01-01 16:04:48,Technical Support,N,N,,0 days,
ID4876,Dan,2021-03-28,Sunday,1900-01-01 16:04:48,Payment related,N,N,,0 days,
ID4881,Greg,2021-03-28,Sunday,1900-01-01 17:09:36,Admin Support,N,N,,0 days,
ID4891,Martha,2021-03-29,Monday,1900-01-01 09:50:24,Streaming,N,N,,0 days,
ID4896,Martha,2021-03-29,Monday,1900-01-01 10:39:22,Technical Support,N,N,,0 days,
ID4900,Greg,2021-03-29,Monday,1900-01-01 10:49:26,Technical Support,N,N,,0 days,
ID4916,Becky,2021-03-29,Monday,1900-01-01 13:30:43,Streaming,N,N,,0 days,
ID4917,Becky,2021-03-29,Monday,1900-01-01 13:45:07,Technical Support,N,N,,0 days,
ID4924,Becky,2021-03-29,Monday,1900-01-01 14:52:48,Contract related,N,N,,0 days,
ID4926,Dan,2021-03-29,Monday,1900-01-01 14:58:34,Streaming,N,N,,0 days,
ID4929,Joe,2021-03-29,Monday,1900-01-01 15:05:46,Admin Support,N,N,,0 days,
ID4942,Martha,2021-03-29,Monday,1900-01-01 15:44:38,Admin Support,N,N,,0 days,
ID4948,Joe,2021-03-29,Monday,1900-01-01 17:57:07,Contract related,N,N,,0 days,
ID4954,Dan,2021-03-30,Tuesday,1900-01-01 12:01:26,Streaming,N,N,,0 days,
ID4956,Stewart,2021-03-30,Tuesday,1900-01-01 12:30:14,Admin Support,N,N,,0 days,
ID4961,Dan,2021-03-30,Tuesday,1900-01-01 13:50:53,Contract related,N,N,,0 days,
ID4962,Jim,2021-03-30,Tuesday,1900-01-01 15:08:38,Streaming,N,N,,0 days,
ID4965,Becky,2021-03-30,Tuesday,1900-01-01 15:50:24,Admin Support,N,N,,0 days,
ID4966,Jim,2021-03-30,Tuesday,1900-01-01 16:04:48,Streaming,N,N,,0 days,
ID4967,Joe,2021-03-30,Tuesday,1900-01-01 16:13:26,Contract related,N,N,,0 days,
ID4968,Jim,2021-03-30,Tuesday,1900-01-01 16:29:17,Technical Support,N,N,,0 days,
ID4971,Greg,2021-03-30,Tuesday,1900-01-01 17:13:55,Streaming,N,N,,0 days,
ID4979,Greg,2021-03-31,Wednesday,1900-01-01 10:39:22,Technical Support,N,N,,0 days,
ID4985,Jim,2021-03-31,Wednesday,1900-01-01 12:50:24,Payment related,N,N,,0 days,
ID4992,Joe,2021-03-31,Wednesday,1900-01-01 14:13:55,Streaming,N,N,,0 days,
ID4993,Joe,2021-03-31,Wednesday,1900-01-01 14:18:14,Admin Support,N,N,,0 days,
ID4994,Greg,2021-03-31,Wednesday,1900-01-01 14:58:34,Contract related,N,N,,0 days,
ID4995,Dan,2021-03-31,Wednesday,1900-01-01 15:33:07,Payment related,N,N,,0 days,
ID5000,Diane,2021-03-31,Wednesday,1900-01-01 17:39:50,Contract related,N,N,,0 days,
